date,meal,food_name,calories (kcal),protein (g),carbohydrate (g),total_fat (g),saturated_fat (g),trans_fat (g),polyunsaturated_fat (g),monounsaturated_fat (g),cholesterol (mg),sodium (mg),total_carbohydrate (g),dietary_fiber (g),net_carbohydrates (g),total_sugars (g),added_sugars (g),calcium (mg),iron (mg),potassium (mg),caffeine (mg),alcohol (g),sugar_alcohol (g),sorbitol (g),mannitol (g),xylitol (g),salt (g)
2026-02-27T00:00:00+1000,Lunch,Lazy Lunch - Tuna,464.0,33.25,52.59,10.53,2.32,,,,,0.0,55.59,3.0,52.59,1.25,,,,,,,,,,,
2026-02-27T00:00:00+1000,Lunch,Matcha Latte,128.0,5.6,8.4,6.16,0.7,,,,,0.0,8.96,0.56,8.4,3.5,,,,,,,,,,,
2026-02-27T00:00:00+1000,Breakfast,Tofu Protein Smoothie,571.0,51.07,27.09,17.57,4.01,0.24,,,,0.03,44.39,17.29,33.04,6.67,0.0,0.0,,0.11,,,,,,,
2026-02-27T00:00:00+1000,Breakfast,Latte,114.0,5.6,8.4,6.16,0.7,,,,,0.0,8.96,0.56,8.4,3.5,,,,,,,,,,,
2026-02-27T00:00:00+1000,Dinner,Average MMC,589.0,44.0,53.0,21.0,,,,,,,53.0,,53.0,,,,,,,,,,,,
2026-01-31T00:00:00+1000,Breakfast,So Good Soy Milk,162.0,8.0,12.0,8.8,1.0,,,,,0.0,12.8,0.8,12.0,5.0,,,,,,,,,,,
2026-01-31T00:00:00+1000,Breakfast,Tofu Protein Smoothie,525.0,49.47,21.61,16.49,3.83,0.24,,,,0.03,37.71,16.09,27.56,6.67,0.0,0.0,,0.07,,,,,,,
2026-01-31T00:00:00+1000,Dinner,Average MMC,589.0,44.0,53.0,21.0,,,,,,,53.0,,53.0,,,,,,,,,,,,
2026-01-31T00:00:00+1000,Lunch,Lazy Lunch - Tuna,478.0,44.88,41.03,10.64,2.41,,0.35,0.15,0.05,0.3,43.28,2.25,41.03,1.95,,0.02,0.0,0.24,0.0,0.0,,,,,
2026-01-10T00:00:00+1000,Breakfast,Soy,65.0,3.2,4.8,3.52,0.4,,,,,0.0,5.12,0.32,4.8,2.0,,0.0,,,,,,,,,
2026-01-10T00:00:00+1000,Breakfast,Tofu Protein Smoothie,510.0,48.42,26.81,15.44,2.83,0.14,,,,0.03,39.51,12.69,30.56,5.67,0.0,0.0,,0.07,,,,,,,
2026-01-10T00:00:00+1000,Dinner,Average MMC,589.0,44.0,53.0,21.0,,,,,,,53.0,,53.0,,,,,,,,,,,,
2026-01-10T00:00:00+1000,Lunch,Caprese Weekend Eggs,427.0,28.25,46.5,12.88,4.18,,,,,0.3,52.8,6.3,46.5,6.42,,0.0,,,,,,,,,
2026-01-05T00:00:00+1000,Breakfast,Tofu Protein Smoothie,510.0,48.42,26.81,15.44,2.83,0.14,,,,0.03,39.51,12.69,30.56,5.67,0.0,0.0,,0.07,,,,,,,
2026-01-05T00:00:00+1000,Breakfast,Soy,65.0,3.2,4.8,3.52,0.4,,,,,0.0,5.12,0.32,4.8,2.0,,0.0,,,,,,,,,
2026-01-04T00:00:00+1000,Lunch,Lazy Lunch - Tuna,478.0,44.88,41.03,10.64,2.41,,0.35,0.15,0.05,0.3,43.28,2.25,41.03,1.95,,0.02,0.0,0.24,0.0,0.0,,,,,
2026-01-04T00:00:00+1000,Lunch,Soy,65.0,3.2,4.8,3.52,0.4,,,,,0.0,5.12,0.32,4.8,2.0,,0.0,,,,,,,,,
2026-01-04T00:00:00+1000,Breakfast,Soy,65.0,3.2,4.8,3.52,0.4,,,,,0.0,5.12,0.32,4.8,2.0,,0.0,,,,,,,,,
2026-01-04T00:00:00+1000,Breakfast,Tofu Protein Smoothie,510.0,48.42,26.81,15.44,2.83,0.14,,,,0.03,39.51,12.69,30.56,5.67,0.0,0.0,,0.07,,,,,,,
2026-01-04T00:00:00+1000,Dinner,Average MMC,589.0,44.0,53.0,21.0,,,,,,,53.0,,53.0,,,,,,,,,,,,
2025-12-30T00:00:00+1000,Lunch,Lunch Salad - Tuna,250.0,19.9,19.4,7.8,2.2,0.06,,,,0.49,23.8,4.4,19.4,9.4,,,,,,,,,,,
2025-12-30T00:00:00+1000,Breakfast,Protein smoothie,581.0,44.57,67.2,13.64,4.97,,0.09,0.04,0.0,0.13,68.2,1.0,67.2,44.22,,0.01,0.0,0.41,0.0,0.0,,,,,
2025-12-29T00:00:00+1000,Breakfast,Gentle Fibre,36.0,1.6,0.0,1.8,1.0,0.0,,,,0.0,1.3,4.1,-2.8,1.0,,,,,,,,,,,
2025-12-29T00:00:00+1000,Breakfast,Silken Tofu,82.0,6.6,0.0,4.5,1.0,,,,,,2.2,3.2,0.0,1.0,,,,,,,,,,,
2025-12-29T00:00:00+1000,Breakfast,Original soy milk,95.0,4.8,8.1,4.8,0.3,,,,,0.0,8.1,0.0,8.1,2.7,,0.0,,,,,,,,,
2025-12-29T00:00:00+1000,Breakfast,Rolled Oats,95.0,3.0,13.5,1.75,,,,,,,16.0,2.5,13.5,,,,,,,,,,,,
2025-12-29T00:00:00+1000,Breakfast,Whey Protein Powder,120.0,25.0,2.0,1.3,,,,,,,2.0,0.0,2.0,,,,,,,,,,,,
2025-12-29T00:00:00+1000,Breakfast,Blueberries,86.0,1.0,17.4,0.5,,,,,,,21.0,3.6,17.4,,,,,,,,,,,,
2025-12-29T00:00:00+1000,Lunch,Cottage Cheese,176.0,28.0,6.0,5.0,,,,,,,6.0,0.0,6.0,,,,,,,,,,,,
2025-12-29T00:00:00+1000,Lunch,Olive Oil,40.0,0.0,0.0,4.5,0.62,,0.47,3.28,0.0,0.0,0.0,0.0,0.0,0.0,,0.0,0.0,0.0,0.0,0.0,,,,,
2025-12-29T00:00:00+1000,Lunch,Quinoa,238.0,7.11,29.75,8.07,1.38,,3.94,2.47,0.0,0.32,34.34,4.59,29.75,1.39,,0.03,0.0,0.28,0.0,0.0,,,,,
2025-12-29T00:00:00+1000,Lunch,Salad Greens,35.0,2.0,3.0,0.7,,,,,,,6.0,3.0,3.0,,,,,,,,,,,,
2025-12-29T00:00:00+1000,Lunch,Chickpeas,170.0,8.0,20.0,2.7,,,,,,,27.0,7.0,20.0,,,,,,,,,,,,
2025-12-29T00:00:00+1000,Lunch,Avocado,70.0,0.8,1.0,6.7,,,,,,,3.5,2.5,1.0,,,,,,,,,,,,
2025-12-29T00:00:00+1000,Snacks,Cottage Cheese,176.0,28.0,6.0,5.0,,,,,,,6.0,0.0,6.0,,,,,,,,,,,,
2025-12-29T00:00:00+1000,Snacks,Mixed Berries,30.0,0.5,5.0,0.2,,,,,,,7.0,2.0,5.0,,,,,,,,,,,,
2025-12-29T00:00:00+1000,Dinner,Salmon,300.0,33.0,0.0,18.0,,,,,,,0.0,,0.0,,,,,,,,,,,,
2025-12-29T00:00:00+1000,Dinner,Jasmine Rice,115.0,2.0,25.25,0.2,,,,,,,25.5,0.25,25.25,,,,,,,,,,,,
2025-12-29T00:00:00+1000,Dinner,Roasted Vegetables,110.0,4.0,16.0,1.0,,,,,,,23.0,7.0,16.0,,,,,,,,,,,,
2025-12-29T00:00:00+1000,Dinner,Soy Sauce,10.0,2.0,1.0,0.0,,,,,,,1.0,0.0,1.0,,,,,,,,,,,,
2025-09-28T00:00:00+1000,Lunch,Lunch Mash - Chicken,455.0,40.54,41.86,12.81,5.71,0.0,1.14,2.78,0.03,0.63,46.18,4.32,41.86,5.58,,0.12,0.0,1.16,0.0,0.0,,,,,
2025-09-14T00:00:00+1000,Lunch,Latte,114.0,5.6,8.4,6.16,0.7,,,,,0.0,8.96,0.56,8.4,3.5,,,,,,,,,,,
2025-09-14T00:00:00+1000,Lunch,Lunch Mash - Chicken,455.0,40.54,41.86,12.81,5.71,0.0,1.14,2.78,0.03,0.63,46.18,4.32,41.86,5.58,,0.12,0.0,1.16,0.0,0.0,,,,,
2025-09-14T00:00:00+1000,Snacks,Cereal,252.0,13.93,30.73,5.53,1.9,0.0,,,0.0,0.04,34.47,3.73,30.73,8.17,,0.12,0.0,,,,,,,,
2025-09-14T00:00:00+1000,Breakfast,Protein smoothie,577.0,45.67,67.5,13.64,3.77,,0.09,0.04,0.0,0.0,67.5,0.0,67.5,41.92,,0.01,0.0,0.41,0.0,0.0,,,,,
2025-09-14T00:00:00+1000,Dinner,Beef Stroganoff,487.0,61.6,27.9,11.9,5.7,,,,,0.46,30.9,3.0,27.9,3.3,,,,,,,,,,,
2025-07-19T00:00:00+1000,Dinner,Italian Beef Meatballs With Creamy Polenta,483.0,42.0,23.8,23.4,7.8,,,,,0.0,25.4,1.6,23.8,11.3,,,,,,,,,,,
2025-07-19T00:00:00+1000,Lunch,Brown Rice Pouches,289.0,5.1,56.6,1.6,1.0,,,,,,60.5,3.9,56.6,0.0,,,,,,,,,,,
2025-07-19T00:00:00+1000,Lunch,Classic Eggs and Avo,349.0,17.19,17.89,22.25,5.11,0.0,1.37,7.35,0.0,0.11,23.41,5.53,17.89,1.97,0.0,0.01,0.0,0.42,0.0,0.0,,,,,
2025-07-19T00:00:00+1000,Breakfast,Matcha Latte,128.0,5.6,8.4,6.16,0.7,,,,,0.0,8.96,0.56,8.4,3.5,,,,,,,,,,,
2025-07-19T00:00:00+1000,Breakfast,Protein smoothie,440.0,28.02,52.44,10.07,2.14,0.0,0.1,0.08,0.0,0.11,56.54,4.1,52.44,31.06,,0.21,0.0,0.66,0.0,0.0,,,,,
2025-07-19T00:00:00+1000,Snacks,Oats With Milk,327.0,20.0,34.79,9.85,1.0,,,,,0.0,37.39,2.6,34.79,12.85,,,,,,,,,,,
2025-07-18T00:00:00+1000,Dinner,Beef Stroganoff,487.0,61.6,27.9,11.9,5.7,,,,,0.46,30.9,3.0,27.9,3.3,,,,,,,,,,,
2025-07-18T00:00:00+1000,Breakfast,Matcha Latte,255.0,11.2,16.8,12.32,1.4,,,,,0.01,17.92,1.12,16.8,7.0,,,,,,,,,,,
2025-07-18T00:00:00+1000,Breakfast,Protein smoothie,440.0,28.02,52.44,10.07,2.14,0.0,0.1,0.08,0.0,0.11,56.54,4.1,52.44,31.06,,0.21,0.0,0.66,0.0,0.0,,,,,
2025-07-18T00:00:00+1000,Lunch,Lunch Salad - Chicken EVOO with Rice,511.0,23.56,57.29,15.26,3.02,0.0,0.36,2.8,,0.52,65.44,8.15,57.3,12.62,,,,,,,,,,,
2025-07-17T00:00:00+1000,Dinner,Beef Stroganoff,487.0,61.6,27.9,11.9,5.7,,,,,0.46,30.9,3.0,27.9,3.3,,,,,,,,,,,
2025-07-17T00:00:00+1000,Snacks,Mango & Passionfruit cake,207.0,,31.5,8.16,4.62,,,,,,31.5,,,15.78,,,,,,,,,,,
2025-07-17T00:00:00+1000,Snacks,Oats With Milk,327.0,20.0,34.79,9.85,1.0,,,,,0.0,37.39,2.6,34.79,12.85,,,,,,,,,,,
2025-07-17T00:00:00+1000,Breakfast,Matcha Latte,128.0,5.6,8.4,6.16,0.7,,,,,0.0,8.96,0.56,8.4,3.5,,,,,,,,,,,
2025-07-17T00:00:00+1000,Breakfast,Protein smoothie,440.0,28.02,52.44,10.07,2.14,0.0,0.1,0.08,0.0,0.11,56.54,4.1,52.44,31.06,,0.21,0.0,0.66,0.0,0.0,,,,,
2025-07-17T00:00:00+1000,Lunch,Lunch Salad - EVOO with Rice (No Meat),462.0,9.62,57.29,16.1,3.16,0.0,0.54,4.2,,0.49,65.44,8.15,57.3,12.62,,,,,,,,,,,
2025-07-16T00:00:00+1000,Dinner,Chicken Vodka Penne,609.0,44.5,50.2,21.5,10.4,,,,,1.39,54.1,3.9,50.2,12.7,,,,,,,,,,,
2025-07-16T00:00:00+1000,Breakfast,Protein smoothie,440.0,28.02,52.44,10.07,2.14,0.0,0.1,0.08,0.0,0.11,56.54,4.1,52.44,31.06,,0.21,0.0,0.66,0.0,0.0,,,,,
2025-07-16T00:00:00+1000,Breakfast,Matcha Latte,128.0,5.6,8.4,6.16,0.7,,,,,0.0,8.96,0.56,8.4,3.5,,,,,,,,,,,
2025-07-16T00:00:00+1000,Lunch,Lunch Salad - Chicken EVOO with Rice,511.0,23.56,57.29,15.26,3.02,0.0,0.36,2.8,,0.52,65.44,8.15,57.3,12.62,,,,,,,,,,,
2025-07-15T00:00:00+1000,Dinner,Lemon Pepper Chicken,486.0,53.2,6.7,22.0,9.5,,,,,1.08,13.8,7.1,6.7,7.8,,,,,,,,,,,
2025-07-15T00:00:00+1000,Lunch,Lunch Salad - Chicken EVOO with Rice,511.0,23.56,57.29,15.26,3.02,0.0,0.36,2.8,,0.52,65.44,8.15,57.3,12.62,,,,,,,,,,,
2025-07-15T00:00:00+1000,Snacks,Almonds,81.0,2.97,1.27,6.99,0.53,0.0,1.72,4.42,0.0,0.0,3.02,1.75,1.27,0.61,,0.04,0.0,0.1,0.0,0.0,,,,,
2025-07-15T00:00:00+1000,Breakfast,Protein smoothie,440.0,28.02,52.44,10.07,2.14,0.0,0.1,0.08,0.0,0.11,56.54,4.1,52.44,31.06,,0.21,0.0,0.66,0.0,0.0,,,,,
2025-07-15T00:00:00+1000,Breakfast,Matcha Latte,128.0,5.6,8.4,6.16,0.7,,,,,0.0,8.96,0.56,8.4,3.5,,,,,,,,,,,
2025-07-14T00:00:00+1000,Snacks,Matcha Latte,128.0,5.6,8.4,6.16,0.7,,,,,0.0,8.96,0.56,8.4,3.5,,,,,,,,,,,
2025-07-14T00:00:00+1000,Snacks,Oats With Milk,327.0,20.0,34.79,9.85,1.0,,,,,0.0,37.39,2.6,34.79,12.85,,,,,,,,,,,
2025-07-14T00:00:00+1000,Snacks,Almonds,23.0,0.85,0.36,2.0,0.15,0.0,0.49,1.26,0.0,0.0,0.86,0.5,0.36,0.17,,0.01,0.0,0.03,0.0,0.0,,,,,
2025-07-14T00:00:00+1000,Dinner,Beef Stroganoff,487.0,61.6,27.9,11.9,5.7,,,,,0.46,30.9,3.0,27.9,3.3,,,,,,,,,,,
2025-07-14T00:00:00+1000,Breakfast,Protein smoothie,440.0,28.02,52.44,10.07,2.14,0.0,0.1,0.08,0.0,0.11,56.54,4.1,52.44,31.06,,0.21,0.0,0.66,0.0,0.0,,,,,
2025-07-14T00:00:00+1000,Breakfast,Matcha Latte,128.0,5.6,8.4,6.16,0.7,,,,,0.0,8.96,0.56,8.4,3.5,,,,,,,,,,,
2025-07-14T00:00:00+1000,Lunch,Lunch Salad - EVOO with Rice (No Meat),462.0,9.62,57.29,16.1,3.16,0.0,0.54,4.2,,0.49,65.44,8.15,57.3,12.62,,,,,,,,,,,
2025-07-13T00:00:00+1000,Lunch,Classic Eggs and Avo,349.0,17.19,17.89,22.25,5.11,0.0,1.37,7.35,0.0,0.11,23.41,5.53,17.89,1.97,0.0,0.01,0.0,0.42,0.0,0.0,,,,,
2025-07-13T00:00:00+1000,Snacks,Peri Peri Chicken,471.0,50.2,29.7,13.3,3.0,,,,,0.95,34.0,4.3,29.7,8.3,,,,,,,,,,,
2025-07-13T00:00:00+1000,Snacks,Almonds,162.0,5.94,2.55,13.97,1.06,0.0,3.44,8.85,0.0,0.0,6.05,3.5,2.55,1.22,,0.08,0.0,0.21,0.0,0.0,,,,,
2025-07-13T00:00:00+1000,Breakfast,Matcha Latte,128.0,5.6,8.4,6.16,0.7,,,,,0.0,8.96,0.56,8.4,3.5,,,,,,,,,,,
2025-07-13T00:00:00+1000,Dinner,Protein smoothie,440.0,28.02,52.44,10.07,2.14,0.0,0.1,0.08,0.0,0.11,56.54,4.1,52.44,31.06,,0.21,0.0,0.66,0.0,0.0,,,,,
2025-07-11T00:00:00+1000,Lunch,Oats With Milk,327.0,20.0,34.79,9.85,1.0,,,,,0.0,37.39,2.6,34.79,12.85,,,,,,,,,,,
2025-07-11T00:00:00+1000,Lunch,Oats With Water,163.0,10.0,17.39,4.92,0.5,,,,,0.0,18.69,1.3,17.39,6.43,,,,,,,,,,,
2025-07-11T00:00:00+1000,Lunch,Lunch Salad - EVOO with Rice (No Meat),462.0,9.62,57.29,16.1,3.16,0.0,0.54,4.2,,0.49,65.44,8.15,57.3,12.62,,,,,,,,,,,
2025-07-11T00:00:00+1000,Breakfast,Protein smoothie,440.0,28.02,52.44,10.07,2.14,0.0,0.1,0.08,0.0,0.11,56.54,4.1,52.44,31.06,,0.21,0.0,0.66,0.0,0.0,,,,,
2025-07-11T00:00:00+1000,Dinner,Chicken Vodka Penne,609.0,44.5,50.2,21.5,10.4,,,,,1.39,54.1,3.9,50.2,12.7,,,,,,,,,,,
2025-04-19T00:00:00+1000,Breakfast,Matcha Latte,255.0,11.2,16.8,12.32,1.4,,,,,0.01,17.92,1.12,16.8,7.0,,,,,,,,,,,
2025-04-19T00:00:00+1000,Breakfast,Protein smoothie,548.0,45.18,59.99,12.9,3.01,0.0,0.1,0.13,0.01,0.22,65.39,5.4,59.99,31.89,,0.41,0.0,0.91,0.0,0.0,,,,,
2025-04-18T00:00:00+1000,Breakfast,Matcha Latte,255.0,11.2,16.8,12.32,1.4,,,,,0.01,17.92,1.12,16.8,7.0,,,,,,,,,,,
2025-04-18T00:00:00+1000,Breakfast,Protein smoothie,548.0,45.18,59.99,12.9,3.01,0.0,0.1,0.13,0.01,0.22,65.39,5.4,59.99,31.89,,0.41,0.0,0.91,0.0,0.0,,,,,
2025-04-17T00:00:00+1000,Snacks,Double Chocolate Fudge Recovery Bar,104.0,14.99,0.0,3.6,1.7,,,,,0.0,2.7,3.8,-1.09,0.8,,0.0,,,,,,,,,
2025-04-17T00:00:00+1000,Dinner,Beef Stroganoff,487.0,61.6,27.9,11.9,5.7,,,,,0.46,30.9,3.0,27.9,3.3,,,,,,,,,,,
2025-04-17T00:00:00+1000,Lunch,Lunch Salad - Tuna,250.0,19.9,19.4,7.8,2.2,0.06,,,,0.49,23.8,4.4,19.4,9.4,,,,,,,,,,,
2025-04-17T00:00:00+1000,Breakfast,Matcha Latte,255.0,11.2,16.8,12.32,1.4,,,,,0.01,17.92,1.12,16.8,7.0,,,,,,,,,,,
2025-04-17T00:00:00+1000,Breakfast,Protein smoothie,548.0,45.18,59.99,12.9,3.01,0.0,0.1,0.13,0.01,0.22,65.39,5.4,59.99,31.89,,0.41,0.0,0.91,0.0,0.0,,,,,
2025-04-16T00:00:00+1000,Snacks,Recovery Bar - Cookies & Cream,104.0,8.7,0.0,3.5,1.6,,,,,0.04,2.65,3.3,-0.65,1.05,,,,,,,,,,,
2025-04-16T00:00:00+1000,Snacks,Woolworths Sweet & Salty Popcorn 20g,95.0,1.0,14.5,3.5,,,,,,,14.5,,14.5,,,,,,,,,,,,
2025-04-16T00:00:00+1000,Lunch,Lunch Salad - Chicken,354.0,41.22,18.4,9.86,2.33,0.0,,,,0.56,22.8,4.4,18.4,8.4,,,,,,,,,,,
2025-04-16T00:00:00+1000,Breakfast,Matcha Latte,255.0,11.2,16.8,12.32,1.4,,,,,0.01,17.92,1.12,16.8,7.0,,,,,,,,,,,
2025-04-16T00:00:00+1000,Breakfast,Protein smoothie,548.0,45.18,59.99,12.9,3.01,0.0,0.1,0.13,0.01,0.22,65.39,5.4,59.99,31.89,,0.41,0.0,0.91,0.0,0.0,,,,,
2025-04-16T00:00:00+1000,Dinner,Beef Stroganoff,487.0,61.6,27.9,11.9,5.7,,,,,0.46,30.9,3.0,27.9,3.3,,,,,,,,,,,
2025-04-15T00:00:00+1000,Snacks,Double Chocolate Fudge Recovery Bar,104.0,14.99,0.0,3.6,1.7,,,,,0.0,2.7,3.8,-1.09,0.8,,0.0,,,,,,,,,
2025-04-15T00:00:00+1000,Dinner,Beef Stroganoff,487.0,61.6,27.9,11.9,5.7,,,,,0.46,30.9,3.0,27.9,3.3,,,,,,,,,,,
2025-04-15T00:00:00+1000,Lunch,Lunch Salad - Tuna,250.0,19.9,19.4,7.8,2.2,0.06,,,,0.49,23.8,4.4,19.4,9.4,,,,,,,,,,,
2025-04-15T00:00:00+1000,Breakfast,Protein smoothie,548.0,45.18,59.99,12.9,3.01,0.0,0.1,0.13,0.01,0.22,65.39,5.4,59.99,31.89,,0.41,0.0,0.91,0.0,0.0,,,,,
2025-04-15T00:00:00+1000,Breakfast,Matcha Latte,255.0,11.2,16.8,12.32,1.4,,,,,0.01,17.92,1.12,16.8,7.0,,,,,,,,,,,
2025-04-14T00:00:00+1000,Snacks,Recovery Bar - Cookies & Cream,104.0,8.7,0.0,3.5,1.6,,,,,0.04,2.65,3.3,-0.65,1.05,,,,,,,,,,,
2025-04-14T00:00:00+1000,Dinner,Peri Peri Chicken,471.0,50.2,29.7,13.3,3.0,,,,,0.95,34.0,4.3,29.7,8.3,,,,,,,,,,,
2025-04-14T00:00:00+1000,Lunch,Lunch Salad - Chicken,354.0,41.22,18.4,9.86,2.33,0.0,,,,0.56,22.8,4.4,18.4,8.4,,,,,,,,,,,
2025-04-14T00:00:00+1000,Breakfast,Protein smoothie,548.0,45.18,59.99,12.9,3.01,0.0,0.1,0.13,0.01,0.22,65.39,5.4,59.99,31.89,,0.41,0.0,0.91,0.0,0.0,,,,,
2025-04-14T00:00:00+1000,Breakfast,Matcha Latte,255.0,11.2,16.8,12.32,1.4,,,,,0.01,17.92,1.12,16.8,7.0,,,,,,,,,,,
2025-04-13T00:00:00+1000,Dinner,Beef Stroganoff,487.0,61.6,27.9,11.9,5.7,,,,,0.46,30.9,3.0,27.9,3.3,,,,,,,,,,,
2025-04-12T00:00:00+1000,Breakfast,Protein smoothie,548.0,45.18,59.99,12.9,3.01,0.0,0.1,0.13,0.01,0.22,65.39,5.4,59.99,31.89,,0.41,0.0,0.91,0.0,0.0,,,,,
2025-04-12T00:00:00+1000,Breakfast,Matcha Latte,255.0,11.2,16.8,12.32,1.4,,,,,0.01,17.92,1.12,16.8,7.0,,,,,,,,,,,
2025-04-11T00:00:00+1000,Breakfast,Protein smoothie,548.0,45.18,59.99,12.9,3.01,0.0,0.1,0.13,0.01,0.22,65.39,5.4,59.99,31.89,,0.41,0.0,0.91,0.0,0.0,,,,,
2025-04-11T00:00:00+1000,Breakfast,Matcha Latte,255.0,11.2,16.8,12.32,1.4,,,,,0.01,17.92,1.12,16.8,7.0,,,,,,,,,,,
2025-04-10T00:00:00+1000,Lunch,Lunch Salad - Tuna,250.0,19.9,19.4,7.8,2.2,0.06,,,,0.49,23.8,4.4,19.4,9.4,,,,,,,,,,,
2025-04-10T00:00:00+1000,Breakfast,Matcha Latte,255.0,11.2,16.8,12.32,1.4,,,,,0.01,17.92,1.12,16.8,7.0,,,,,,,,,,,
2025-04-10T00:00:00+1000,Breakfast,Protein smoothie,548.0,45.18,59.99,12.9,3.01,0.0,0.1,0.13,0.01,0.22,65.39,5.4,59.99,31.89,,0.41,0.0,0.91,0.0,0.0,,,,,
2025-04-09T00:00:00+1000,Lunch,Lunch Salad - Chicken,354.0,41.22,18.4,9.86,2.33,0.0,,,,0.56,22.8,4.4,18.4,8.4,,,,,,,,,,,
2025-04-09T00:00:00+1000,Breakfast,Matcha Latte,255.0,11.2,16.8,12.32,1.4,,,,,0.01,17.92,1.12,16.8,7.0,,,,,,,,,,,
2025-04-09T00:00:00+1000,Breakfast,Protein smoothie,548.0,45.18,59.99,12.9,3.01,0.0,0.1,0.13,0.01,0.22,65.39,5.4,59.99,31.89,,0.41,0.0,0.91,0.0,0.0,,,,,
2025-04-08T00:00:00+1000,Lunch,Lunch Salad - Tuna,250.0,19.9,19.4,7.8,2.2,0.06,,,,0.49,23.8,4.4,19.4,9.4,,,,,,,,,,,
2025-04-08T00:00:00+1000,Breakfast,Protein smoothie,548.0,45.18,59.99,12.9,3.01,0.0,0.1,0.13,0.01,0.22,65.39,5.4,59.99,31.89,,0.41,0.0,0.91,0.0,0.0,,,,,
2025-04-08T00:00:00+1000,Breakfast,Matcha Latte,255.0,11.2,16.8,12.32,1.4,,,,,0.01,17.92,1.12,16.8,7.0,,,,,,,,,,,
2025-04-07T00:00:00+1000,Lunch,Lunch Salad - Chicken,354.0,41.22,18.4,9.86,2.33,0.0,,,,0.56,22.8,4.4,18.4,8.4,,,,,,,,,,,
2025-04-07T00:00:00+1000,Breakfast,Protein smoothie,548.0,45.18,59.99,12.9,3.01,0.0,0.1,0.13,0.01,0.22,65.39,5.4,59.99,31.89,,0.41,0.0,0.91,0.0,0.0,,,,,
2025-04-07T00:00:00+1000,Breakfast,Matcha Latte,255.0,11.2,16.8,12.32,1.4,,,,,0.01,17.92,1.12,16.8,7.0,,,,,,,,,,,
2025-04-04T00:00:00+1000,Lunch,Lunch Salad - Chicken,354.0,41.22,18.4,9.86,2.33,0.0,,,,0.56,22.8,4.4,18.4,8.4,,,,,,,,,,,
2025-04-04T00:00:00+1000,Breakfast,Matcha Latte,128.0,5.6,8.4,6.16,0.7,,,,,0.0,8.96,0.56,8.4,3.5,,,,,,,,,,,
2025-04-04T00:00:00+1000,Breakfast,Protein smoothie,548.0,45.18,59.99,12.9,3.01,0.0,0.1,0.13,0.01,0.22,65.39,5.4,59.99,31.89,,0.41,0.0,0.91,0.0,0.0,,,,,
2025-04-03T00:00:00+1000,Snacks,Matcha Latte,128.0,5.6,8.4,6.16,0.7,,,,,0.0,8.96,0.56,8.4,3.5,,,,,,,,,,,
2025-04-03T00:00:00+1000,Snacks,Recovery Bar - Cookies & Cream,104.0,8.7,0.0,3.5,1.6,,,,,0.04,2.65,3.3,-0.65,1.05,,,,,,,,,,,
2025-04-03T00:00:00+1000,Dinner,Beef Stroganoff,487.0,61.6,27.9,11.9,5.7,,,,,0.46,30.9,3.0,27.9,3.3,,,,,,,,,,,
2025-04-03T00:00:00+1000,Lunch,Lunch Salad - Tuna,250.0,19.9,19.4,7.8,2.2,0.06,,,,0.49,23.8,4.4,19.4,9.4,,,,,,,,,,,
2025-04-03T00:00:00+1000,Breakfast,Matcha Latte,128.0,5.6,8.4,6.16,0.7,,,,,0.0,8.96,0.56,8.4,3.5,,,,,,,,,,,
2025-04-03T00:00:00+1000,Breakfast,Protein smoothie,548.0,45.18,59.99,12.9,3.01,0.0,0.1,0.13,0.01,0.22,65.39,5.4,59.99,31.89,,0.41,0.0,0.91,0.0,0.0,,,,,
2025-04-02T00:00:00+1000,Snacks,Double Chocolate Fudge Recovery Bar,104.0,14.99,0.0,3.6,1.7,,,,,0.0,2.7,3.8,-1.09,0.8,,0.0,,,,,,,,,
2025-04-02T00:00:00+1000,Snacks,Recovery Bar - Cookies & Cream,104.0,8.7,0.0,3.5,1.6,,,,,0.04,2.65,3.3,-0.65,1.05,,,,,,,,,,,
2025-04-02T00:00:00+1000,Dinner,Peri Peri Chicken,471.0,50.2,29.7,13.3,3.0,,,,,0.95,34.0,4.3,29.7,8.3,,,,,,,,,,,
2025-04-02T00:00:00+1000,Lunch,Lunch Salad - Chicken,354.0,41.22,18.4,9.86,2.33,0.0,,,,0.56,22.8,4.4,18.4,8.4,,,,,,,,,,,
2025-04-02T00:00:00+1000,Breakfast,Matcha Latte,128.0,5.6,8.4,6.16,0.7,,,,,0.0,8.96,0.56,8.4,3.5,,,,,,,,,,,
2025-04-02T00:00:00+1000,Breakfast,Protein smoothie,548.0,45.18,59.99,12.9,3.01,0.0,0.1,0.13,0.01,0.22,65.39,5.4,59.99,31.89,,0.41,0.0,0.91,0.0,0.0,,,,,
2025-04-01T00:00:00+1000,Snacks,Double Chocolate Fudge Recovery Bar,104.0,14.99,0.0,3.6,1.7,,,,,0.0,2.7,3.8,-1.09,0.8,,0.0,,,,,,,,,
2025-04-01T00:00:00+1000,Dinner,Beef Stroganoff,487.0,61.6,27.9,11.9,5.7,,,,,0.46,30.9,3.0,27.9,3.3,,,,,,,,,,,
2025-04-01T00:00:00+1000,Lunch,Lunch Salad - Tuna,250.0,19.9,19.4,7.8,2.2,0.06,,,,0.49,23.8,4.4,19.4,9.4,,,,,,,,,,,
2025-04-01T00:00:00+1000,Breakfast,Protein smoothie,548.0,45.18,59.99,12.9,3.01,0.0,0.1,0.13,0.01,0.22,65.39,5.4,59.99,31.89,,0.41,0.0,0.91,0.0,0.0,,,,,
2025-04-01T00:00:00+1000,Breakfast,Matcha Latte,128.0,5.6,8.4,6.16,0.7,,,,,0.0,8.96,0.56,8.4,3.5,,,,,,,,,,,
2025-03-31T00:00:00+1000,Snacks,Recovery Bar - Cookies & Cream,104.0,8.7,0.0,3.5,1.6,,,,,0.04,2.65,3.3,-0.65,1.05,,,,,,,,,,,
2025-03-31T00:00:00+1000,Dinner,Lemon Pepper Chicken,486.0,53.2,6.7,22.0,9.5,,,,,1.08,13.8,7.1,6.7,7.8,,,,,,,,,,,
2025-03-31T00:00:00+1000,Lunch,Lunch Salad - Chicken,354.0,41.22,18.4,9.86,2.33,0.0,,,,0.56,22.8,4.4,18.4,8.4,,,,,,,,,,,
2025-03-31T00:00:00+1000,Breakfast,Protein smoothie,548.0,45.18,59.99,12.9,3.01,0.0,0.1,0.13,0.01,0.22,65.39,5.4,59.99,31.89,,0.41,0.0,0.91,0.0,0.0,,,,,
2025-03-31T00:00:00+1000,Breakfast,Matcha Latte,128.0,5.6,8.4,6.16,0.7,,,,,0.0,8.96,0.56,8.4,3.5,,,,,,,,,,,
2025-03-29T00:00:00+1000,Breakfast,Matcha Latte,128.0,5.6,8.4,6.16,0.7,,,,,0.0,8.96,0.56,8.4,3.5,,,,,,,,,,,
2025-03-29T00:00:00+1000,Breakfast,Protein smoothie,548.0,45.18,59.99,12.9,3.01,0.0,0.1,0.13,0.01,0.22,65.39,5.4,59.99,31.89,,0.41,0.0,0.91,0.0,0.0,,,,,
2025-03-28T00:00:00+1000,Breakfast,Matcha Latte,128.0,5.6,8.4,6.16,0.7,,,,,0.0,8.96,0.56,8.4,3.5,,,,,,,,,,,
2025-03-28T00:00:00+1000,Breakfast,Protein smoothie,548.0,45.18,59.99,12.9,3.01,0.0,0.1,0.13,0.01,0.22,65.39,5.4,59.99,31.89,,0.41,0.0,0.91,0.0,0.0,,,,,
2025-03-27T00:00:00+1000,Breakfast,Matcha Latte,128.0,5.6,8.4,6.16,0.7,,,,,0.0,8.96,0.56,8.4,3.5,,,,,,,,,,,
2025-03-27T00:00:00+1000,Breakfast,Protein smoothie,548.0,45.18,59.99,12.9,3.01,0.0,0.1,0.13,0.01,0.22,65.39,5.4,59.99,31.89,,0.41,0.0,0.91,0.0,0.0,,,,,
2025-03-26T00:00:00+1000,Snacks,Recovery Bar - Cookies & Cream,104.0,8.7,0.0,3.5,1.6,,,,,0.04,2.65,3.3,-0.65,1.05,,,,,,,,,,,
2025-03-26T00:00:00+1000,Dinner,Peri Peri Chicken,471.0,50.2,29.7,13.3,3.0,,,,,0.95,34.0,4.3,29.7,8.3,,,,,,,,,,,
2025-03-26T00:00:00+1000,Lunch,Lunch Salad - Chicken,354.0,41.22,18.4,9.86,2.33,0.0,,,,0.56,22.8,4.4,18.4,8.4,,,,,,,,,,,
2025-03-26T00:00:00+1000,Breakfast,Protein smoothie,548.0,45.18,59.99,12.9,3.01,0.0,0.1,0.13,0.01,0.22,65.39,5.4,59.99,31.89,,0.41,0.0,0.91,0.0,0.0,,,,,
2025-03-26T00:00:00+1000,Breakfast,Matcha Latte,128.0,5.6,8.4,6.16,0.7,,,,,0.0,8.96,0.56,8.4,3.5,,,,,,,,,,,
2025-03-25T00:00:00+1000,Dinner,Beef Stroganoff,487.0,61.6,27.9,11.9,5.7,,,,,0.46,30.9,3.0,27.9,3.3,,,,,,,,,,,
2025-03-25T00:00:00+1000,Lunch,Lunch Salad - Tuna,250.0,19.9,19.4,7.8,2.2,0.06,,,,0.49,23.8,4.4,19.4,9.4,,,,,,,,,,,
2025-03-25T00:00:00+1000,Breakfast,Matcha Latte,128.0,5.6,8.4,6.16,0.7,,,,,0.0,8.96,0.56,8.4,3.5,,,,,,,,,,,
2025-03-25T00:00:00+1000,Breakfast,Protein smoothie,548.0,45.18,59.99,12.9,3.01,0.0,0.1,0.13,0.01,0.22,65.39,5.4,59.99,31.89,,0.41,0.0,0.91,0.0,0.0,,,,,
2025-03-25T00:00:00+1000,Snacks,Recovery Bar - Cookies & Cream,104.0,8.7,0.0,3.5,1.6,,,,,0.04,2.65,3.3,-0.65,1.05,,,,,,,,,,,
2025-03-24T00:00:00+1000,Lunch,Lunch Salad - Chicken,354.0,41.22,18.4,9.86,2.33,0.0,,,,0.56,22.8,4.4,18.4,8.4,,,,,,,,,,,
2025-03-24T00:00:00+1000,Breakfast,Matcha Latte,128.0,5.6,8.4,6.16,0.7,,,,,0.0,8.96,0.56,8.4,3.5,,,,,,,,,,,
2025-03-24T00:00:00+1000,Breakfast,Protein smoothie,548.0,45.18,59.99,12.9,3.01,0.0,0.1,0.13,0.01,0.22,65.39,5.4,59.99,31.89,,0.41,0.0,0.91,0.0,0.0,,,,,
2025-03-24T00:00:00+1000,Dinner,Lemon Pepper Chicken,486.0,53.2,6.7,22.0,9.5,,,,,1.08,13.8,7.1,6.7,7.8,,,,,,,,,,,
2025-03-22T00:00:00+1000,Lunch,Classic Eggs and Avo,349.0,17.19,17.89,22.25,5.11,0.0,1.37,7.35,0.0,0.11,23.41,5.53,17.89,1.97,0.0,0.01,0.0,0.42,0.0,0.0,,,,,
2025-03-22T00:00:00+1000,Breakfast,Matcha Latte,128.0,5.6,8.4,6.16,0.7,,,,,0.0,8.96,0.56,8.4,3.5,,,,,,,,,,,
2025-03-22T00:00:00+1000,Breakfast,Protein smoothie,548.0,45.18,59.99,12.9,3.01,0.0,0.1,0.13,0.01,0.22,65.39,5.4,59.99,31.89,,0.41,0.0,0.91,0.0,0.0,,,,,
2025-03-21T00:00:00+1000,Lunch,Thai Sauce,51.0,0.0,12.0,0.0,0.0,0.0,,,,0.18,12.0,0.0,12.0,12.0,,,,,,,,,,,
2025-03-21T00:00:00+1000,Breakfast,Matcha Latte,128.0,5.6,8.4,6.16,0.7,,,,,0.0,8.96,0.56,8.4,3.5,,,,,,,,,,,
2025-03-21T00:00:00+1000,Breakfast,Protein smoothie,548.0,45.18,59.99,12.9,3.01,0.0,0.1,0.13,0.01,0.22,65.39,5.4,59.99,31.89,,0.41,0.0,0.91,0.0,0.0,,,,,
2025-03-20T00:00:00+1000,Snacks,Double Chocolate Fudge Recovery Bar,104.0,14.99,0.0,3.6,1.7,,,,,0.0,2.7,3.8,-1.09,0.8,,0.0,,,,,,,,,
2025-03-20T00:00:00+1000,Dinner,Beef Stroganoff,487.0,61.6,27.9,11.9,5.7,,,,,0.46,30.9,3.0,27.9,3.3,,,,,,,,,,,
2025-03-20T00:00:00+1000,Lunch,Lunch Salad - Tuna,250.0,19.9,19.4,7.8,2.2,0.06,,,,0.49,23.8,4.4,19.4,9.4,,,,,,,,,,,
2025-03-20T00:00:00+1000,Breakfast,Protein smoothie,548.0,45.18,59.99,12.9,3.01,0.0,0.1,0.13,0.01,0.22,65.39,5.4,59.99,31.89,,0.41,0.0,0.91,0.0,0.0,,,,,
2025-03-20T00:00:00+1000,Breakfast,Matcha Latte,128.0,5.6,8.4,6.16,0.7,,,,,0.0,8.96,0.56,8.4,3.5,,,,,,,,,,,
2025-03-19T00:00:00+1000,Snacks,Cereal,238.0,6.7,34.9,5.13,1.5,0.0,,,0.0,0.1,38.9,4.0,34.9,8.45,,0.0,,,,,,,,,
2025-03-19T00:00:00+1000,Snacks,Recovery Bar - Cookies & Cream,104.0,8.7,0.0,3.5,1.6,,,,,0.04,2.65,3.3,-0.65,1.05,,,,,,,,,,,
2025-03-19T00:00:00+1000,Dinner,Peri Peri Chicken,471.0,50.2,29.7,13.3,3.0,,,,,0.95,34.0,4.3,29.7,8.3,,,,,,,,,,,
2025-03-19T00:00:00+1000,Lunch,Lunch Salad - Salmon,237.0,15.0,18.9,8.5,2.5,0.0,,,,0.69,23.3,4.4,18.9,8.9,,,,,,,,,,,
2025-03-19T00:00:00+1000,Breakfast,Matcha Latte,128.0,5.6,8.4,6.16,0.7,,,,,0.0,8.96,0.56,8.4,3.5,,,,,,,,,,,
2025-03-19T00:00:00+1000,Breakfast,Protein smoothie,548.0,45.18,59.99,12.9,3.01,0.0,0.1,0.13,0.01,0.22,65.39,5.4,59.99,31.89,,0.41,0.0,0.91,0.0,0.0,,,,,
2025-03-18T00:00:00+1000,Snacks,Recovery Bar - Cookies & Cream,104.0,8.7,0.0,3.5,1.6,,,,,0.04,2.65,3.3,-0.65,1.05,,,,,,,,,,,
2025-03-18T00:00:00+1000,Dinner,Beef Stroganoff,487.0,61.6,27.9,11.9,5.7,,,,,0.46,30.9,3.0,27.9,3.3,,,,,,,,,,,
2025-03-18T00:00:00+1000,Lunch,Lunch Salad - Tuna,250.0,19.9,19.4,7.8,2.2,0.06,,,,0.49,23.8,4.4,19.4,9.4,,,,,,,,,,,
2025-03-18T00:00:00+1000,Breakfast,Matcha Latte,128.0,5.6,8.4,6.16,0.7,,,,,0.0,8.96,0.56,8.4,3.5,,,,,,,,,,,
2025-03-18T00:00:00+1000,Breakfast,Protein smoothie,548.0,45.18,59.99,12.9,3.01,0.0,0.1,0.13,0.01,0.22,65.39,5.4,59.99,31.89,,0.41,0.0,0.91,0.0,0.0,,,,,
2025-03-17T00:00:00+1000,Snacks,Double Chocolate Fudge Recovery Bar,104.0,14.99,0.0,3.6,1.7,,,,,0.0,2.7,3.8,-1.09,0.8,,0.0,,,,,,,,,
2025-03-17T00:00:00+1000,Dinner,Lemon Pepper Chicken,486.0,53.2,6.7,22.0,9.5,,,,,1.08,13.8,7.1,6.7,7.8,,,,,,,,,,,
2025-03-17T00:00:00+1000,Lunch,Lunch Salad - Salmon,237.0,15.0,18.9,8.5,2.5,0.0,,,,0.69,23.3,4.4,18.9,8.9,,,,,,,,,,,
2025-03-17T00:00:00+1000,Breakfast,Protein smoothie,548.0,45.18,59.99,12.9,3.01,0.0,0.1,0.13,0.01,0.22,65.39,5.4,59.99,31.89,,0.41,0.0,0.91,0.0,0.0,,,,,
2025-03-17T00:00:00+1000,Breakfast,Matcha Latte,128.0,5.6,8.4,6.16,0.7,,,,,0.0,8.96,0.56,8.4,3.5,,,,,,,,,,,
2025-03-16T00:00:00+1000,Breakfast,Matcha Latte,128.0,5.6,8.4,6.16,0.7,,,,,0.0,8.96,0.56,8.4,3.5,,,,,,,,,,,
2025-03-15T00:00:00+1000,Lunch,Classic Eggs and Avo,349.0,17.19,17.89,22.25,5.11,0.0,1.37,7.35,0.0,0.11,23.41,5.53,17.89,1.97,0.0,0.01,0.0,0.42,0.0,0.0,,,,,
2025-03-15T00:00:00+1000,Snacks,Double Chocolate Fudge Recovery Bar,104.0,14.99,0.0,3.6,1.7,,,,,0.0,2.7,3.8,-1.09,0.8,,0.0,,,,,,,,,
2025-03-15T00:00:00+1000,Snacks,"Latte, Small",80.0,8.0,12.0,0.0,0.0,0.0,,,,0.12,12.0,0.0,12.0,12.0,,,,,,,,,,,
2025-03-15T00:00:00+1000,Breakfast,Protein smoothie,548.0,45.18,59.99,12.9,3.01,0.0,0.1,0.13,0.01,0.22,65.39,5.4,59.99,31.89,,0.41,0.0,0.91,0.0,0.0,,,,,
2025-03-15T00:00:00+1000,Breakfast,Matcha Latte,128.0,5.6,8.4,6.16,0.7,,,,,0.0,8.96,0.56,8.4,3.5,,,,,,,,,,,
2025-03-15T00:00:00+1000,Dinner,Chicken Enchilada,304.0,17.17,20.91,15.47,5.66,,3.33,4.91,0.06,0.78,24.82,3.91,20.91,1.43,,0.2,0.0,0.32,0.0,0.0,,,,,
2025-03-15T00:00:00+1000,Dinner,Beef Enchilada,288.0,14.79,18.45,15.9,6.06,,2.7,5.42,0.04,0.69,21.9,3.45,18.45,1.26,,0.18,0.0,0.29,0.0,0.0,,,,,
2025-03-15T00:00:00+1000,Dinner,Margarita,824.0,0.54,108.68,0.54,0.04,,0.1,0.01,0.0,1.38,108.68,0.0,108.68,108.68,,0.01,0.0,0.15,0.0,55.35,,,,,
2025-03-14T00:00:00+1000,Dinner,Satay Chicken Hokkien Noodles,602.0,46.55,47.91,24.12,11.31,,,,,0.0,53.2,5.29,47.92,10.19,,,,,,,,,,,
2025-03-14T00:00:00+1000,Lunch,Chopped Salad Kit Ceaser,720.0,24.0,20.0,56.0,16.0,0.0,,,0.06,1.52,28.0,8.0,20.0,4.0,0.0,0.56,0.0,0.72,,,,,,,
2025-03-14T00:00:00+1000,Breakfast,Matcha Latte,128.0,5.6,8.4,6.16,0.7,,,,,0.0,8.96,0.56,8.4,3.5,,,,,,,,,,,
2025-03-14T00:00:00+1000,Breakfast,Protein smoothie,548.0,45.18,59.99,12.9,3.01,0.0,0.1,0.13,0.01,0.22,65.39,5.4,59.99,31.89,,0.41,0.0,0.91,0.0,0.0,,,,,
2025-03-13T00:00:00+1000,Dinner,Chipotle Chicken Burrito Bowl,704.0,65.4,52.0,20.5,3.3,,,,,1.6,62.3,10.3,52.0,7.7,,,,,,,,,,,
2025-03-13T00:00:00+1000,Lunch,Lunch Salad - Tuna,250.0,19.9,19.4,7.8,2.2,0.06,,,,0.49,23.8,4.4,19.4,9.4,,,,,,,,,,,
2025-03-13T00:00:00+1000,Breakfast,Protein smoothie,548.0,45.18,59.99,12.9,3.01,0.0,0.1,0.13,0.01,0.22,65.39,5.4,59.99,31.89,,0.41,0.0,0.91,0.0,0.0,,,,,
2025-03-13T00:00:00+1000,Breakfast,Matcha Latte,128.0,5.6,8.4,6.16,0.7,,,,,0.0,8.96,0.56,8.4,3.5,,,,,,,,,,,
2025-03-12T00:00:00+1000,Lunch,Lunch Salad - Salmon,237.0,15.0,18.9,8.5,2.5,0.0,,,,0.69,23.3,4.4,18.9,8.9,,,,,,,,,,,
2025-03-12T00:00:00+1000,Breakfast,Matcha Latte,128.0,5.6,8.4,6.16,0.7,,,,,0.0,8.96,0.56,8.4,3.5,,,,,,,,,,,
2025-03-12T00:00:00+1000,Breakfast,Protein smoothie,548.0,45.18,59.99,12.9,3.01,0.0,0.1,0.13,0.01,0.22,65.39,5.4,59.99,31.89,,0.41,0.0,0.91,0.0,0.0,,,,,
2025-03-11T00:00:00+1000,Snacks,Salted Caramel Choc Recovery Bar,103.0,8.61,0.0,3.33,1.6,,,,,,3.25,3.33,-0.08,1.84,,,,,,,,,,,
2025-03-11T00:00:00+1000,Dinner,Lemon Pepper Chicken,486.0,53.2,6.7,22.0,9.5,,,,,1.08,13.8,7.1,6.7,7.8,,,,,,,,,,,
2025-03-11T00:00:00+1000,Lunch,Lunch Salad - Tuna,250.0,19.9,19.4,7.8,2.2,0.06,,,,0.49,23.8,4.4,19.4,9.4,,,,,,,,,,,
2025-03-11T00:00:00+1000,Breakfast,Protein smoothie,548.0,45.18,59.99,12.9,3.01,0.0,0.1,0.13,0.01,0.22,65.39,5.4,59.99,31.89,,0.41,0.0,0.91,0.0,0.0,,,,,
2025-03-11T00:00:00+1000,Breakfast,Matcha Latte,128.0,5.6,8.4,6.16,0.7,,,,,0.0,8.96,0.56,8.4,3.5,,,,,,,,,,,
2025-03-10T00:00:00+1000,Snacks,Protein Crisp Bar Raspberry & White Choc,175.0,22.0,4.9,5.1,64.0,,,,,0.0,9.0,4.1,4.9,5.9,,,,,,,,,,,
2025-03-10T00:00:00+1000,Snacks,Cereal,238.0,6.7,34.9,5.13,1.5,0.0,,,0.0,0.1,38.9,4.0,34.9,8.45,,0.0,,,,,,,,,
2025-03-10T00:00:00+1000,Dinner,Beef Stroganoff,487.0,61.6,27.9,11.9,5.7,,,,,0.46,30.9,3.0,27.9,3.3,,,,,,,,,,,
2025-03-10T00:00:00+1000,Lunch,Protein smoothie,548.0,45.18,59.99,12.9,3.01,0.0,0.1,0.13,0.01,0.22,65.39,5.4,59.99,31.89,,0.41,0.0,0.91,0.0,0.0,,,,,
2025-03-10T00:00:00+1000,Breakfast,Matcha Latte,128.0,5.6,8.4,6.16,0.7,,,,,0.0,8.96,0.56,8.4,3.5,,,,,,,,,,,
2025-03-08T00:00:00+1000,Breakfast,Cereal,238.0,6.7,34.9,5.13,1.5,0.0,,,0.0,0.1,38.9,4.0,34.9,8.45,,0.0,,,,,,,,,
2025-03-07T00:00:00+1000,Breakfast,Protein smoothie,548.0,45.18,59.99,12.9,3.01,0.0,0.1,0.13,0.01,0.22,65.39,5.4,59.99,31.89,,0.41,0.0,0.91,0.0,0.0,,,,,
2025-03-07T00:00:00+1000,Breakfast,Matcha Latte,128.0,5.6,8.4,6.16,0.7,,,,,0.0,8.96,0.56,8.4,3.5,,,,,,,,,,,
2025-03-07T00:00:00+1000,Dinner,Beef Stroganoff,487.0,61.6,27.9,11.9,5.7,,,,,0.46,30.9,3.0,27.9,3.3,,,,,,,,,,,
2025-03-07T00:00:00+1000,Lunch,Chicken Vodka Penne,609.0,44.5,50.2,21.5,10.4,,,,,1.39,54.1,3.9,50.2,12.7,,,,,,,,,,,
2025-03-07T00:00:00+1000,Snacks,Salted Caramel Choc Recovery Bar,103.0,8.61,0.0,3.33,1.6,,,,,,3.25,3.33,-0.08,1.84,,,,,,,,,,,
2025-03-07T00:00:00+1000,Snacks,Microwave Popcorn,242.0,4.8,20.65,12.15,2.5,,,,,0.0,25.7,5.05,,0.3,,,,,,,,,,,
2025-03-06T00:00:00+1000,Lunch,Lunch Salad - Tuna,250.0,19.9,19.4,7.8,2.2,0.06,,,,0.49,23.8,4.4,19.4,9.4,,,,,,,,,,,
2025-03-06T00:00:00+1000,Dinner,Peri Peri Chicken,470.0,50.2,30.0,13.3,3.0,,,,,0.95,34.0,4.0,30.0,8.0,,,,,,,,,,,
2025-03-06T00:00:00+1000,Snacks,Protein Crisp Bar Raspberry & White Choc,175.0,22.0,4.9,5.1,64.0,,,,,0.0,9.0,4.1,4.9,5.9,,,,,,,,,,,
2025-03-06T00:00:00+1000,Snacks,Cereal,238.0,6.7,34.9,5.13,1.5,0.0,,,0.0,0.1,38.9,4.0,34.9,8.45,,0.0,,,,,,,,,
2025-03-06T00:00:00+1000,Snacks,Salted Caramel Choc Recovery Bar,207.0,17.21,0.0,6.66,3.19,,,,,,6.49,6.66,-0.17,3.68,,,,,,,,,,,
2025-03-06T00:00:00+1000,Breakfast,Matcha Latte,128.0,5.6,8.4,6.16,0.7,,,,,0.0,8.96,0.56,8.4,3.5,,,,,,,,,,,
2025-03-06T00:00:00+1000,Breakfast,Protein smoothie,548.0,45.18,59.99,12.9,3.01,0.0,0.1,0.13,0.01,0.22,65.39,5.4,59.99,31.89,,0.41,0.0,0.91,0.0,0.0,,,,,
2025-03-05T00:00:00+1000,Snacks,Cereal,238.0,6.7,34.9,5.13,1.5,0.0,,,0.0,0.1,38.9,4.0,34.9,8.45,,0.0,,,,,,,,,
2025-03-05T00:00:00+1000,Snacks,Salted Caramel Choc Recovery Bar,207.0,17.21,0.0,6.66,3.19,,,,,,6.49,6.66,-0.17,3.68,,,,,,,,,,,
2025-03-05T00:00:00+1000,Snacks,Protein Crisp Bar Raspberry & White Choc,175.0,22.0,4.9,5.1,64.0,,,,,0.0,9.0,4.1,4.9,5.9,,,,,,,,,,,
2025-03-05T00:00:00+1000,Dinner,Beef Stroganoff,487.0,61.6,27.9,11.9,5.7,,,,,0.46,30.9,3.0,27.9,3.3,,,,,,,,,,,
2025-03-05T00:00:00+1000,Lunch,Lunch Salad - Salmon,237.0,15.0,18.9,8.5,2.5,0.0,,,,0.69,23.3,4.4,18.9,8.9,,,,,,,,,,,
2025-03-05T00:00:00+1000,Breakfast,Matcha Latte,128.0,5.6,8.4,6.16,0.7,,,,,0.0,8.96,0.56,8.4,3.5,,,,,,,,,,,
2025-03-05T00:00:00+1000,Breakfast,Protein smoothie,548.0,45.18,59.99,12.9,3.01,0.0,0.1,0.13,0.01,0.22,65.39,5.4,59.99,31.89,,0.41,0.0,0.91,0.0,0.0,,,,,
2025-03-04T00:00:00+1000,Snacks,Cereal,238.0,6.7,34.9,5.13,1.5,0.0,,,0.0,0.1,38.9,4.0,34.9,8.45,,0.0,,,,,,,,,
2025-03-04T00:00:00+1000,Snacks,Salted Caramel Choc Recovery Bar,207.0,17.21,0.0,6.66,3.19,,,,,,6.49,6.66,-0.17,3.68,,,,,,,,,,,
2025-03-04T00:00:00+1000,Dinner,Lemon Pepper Chicken,486.0,53.2,6.7,22.0,9.5,,,,,1.08,13.8,7.1,6.7,7.8,,,,,,,,,,,
2025-03-04T00:00:00+1000,Lunch,Lunch Salad - Tuna,250.0,19.9,19.4,7.8,2.2,0.06,,,,0.49,23.8,4.4,19.4,9.4,,,,,,,,,,,
2025-03-04T00:00:00+1000,Breakfast,Protein smoothie,548.0,45.18,59.99,12.9,3.01,0.0,0.1,0.13,0.01,0.22,65.39,5.4,59.99,31.89,,0.41,0.0,0.91,0.0,0.0,,,,,
2025-03-04T00:00:00+1000,Breakfast,Matcha Latte,128.0,5.6,8.4,6.16,0.7,,,,,0.0,8.96,0.56,8.4,3.5,,,,,,,,,,,
2025-03-03T00:00:00+1000,Snacks,Protein Crisp Bar Raspberry & White Choc,175.0,22.0,4.9,5.1,64.0,,,,,0.0,9.0,4.1,4.9,5.9,,,,,,,,,,,
2025-03-03T00:00:00+1000,Dinner,Beef Stroganoff,487.0,61.6,27.9,11.9,5.7,,,,,0.46,30.9,3.0,27.9,3.3,,,,,,,,,,,
2025-03-03T00:00:00+1000,Lunch,Lunch Salad - Salmon,237.0,15.0,18.9,8.5,2.5,0.0,,,,0.69,23.3,4.4,18.9,8.9,,,,,,,,,,,
2025-03-03T00:00:00+1000,Breakfast,Protein smoothie,548.0,45.18,59.99,12.9,3.01,0.0,0.1,0.13,0.01,0.22,65.39,5.4,59.99,31.89,,0.41,0.0,0.91,0.0,0.0,,,,,
2025-03-03T00:00:00+1000,Breakfast,Matcha Latte,128.0,5.6,8.4,6.16,0.7,,,,,0.0,8.96,0.56,8.4,3.5,,,,,,,,,,,
2025-03-02T00:00:00+1000,Snacks,Cereal,238.0,6.7,34.9,5.13,1.5,0.0,,,0.0,0.1,38.9,4.0,34.9,8.45,,0.0,,,,,,,,,
2025-03-02T00:00:00+1000,Snacks,Salted Caramel Choc Recovery Bar,207.0,17.21,0.0,6.66,3.19,,,,,,6.49,6.66,-0.17,3.68,,,,,,,,,,,
2025-03-02T00:00:00+1000,Dinner,Peri Peri Chicken,470.0,50.2,30.0,13.3,3.0,,,,,0.95,34.0,4.0,30.0,8.0,,,,,,,,,,,
2025-03-02T00:00:00+1000,Lunch,Classic Eggs and Avo,349.0,17.19,17.89,22.25,5.11,0.0,1.37,7.35,0.0,0.11,23.41,5.53,17.89,1.97,0.0,0.01,0.0,0.42,0.0,0.0,,,,,
2025-03-02T00:00:00+1000,Breakfast,Protein smoothie,548.0,45.18,59.99,12.9,3.01,0.0,0.1,0.13,0.01,0.22,65.39,5.4,59.99,31.89,,0.41,0.0,0.91,0.0,0.0,,,,,
2025-03-02T00:00:00+1000,Breakfast,Matcha Latte,128.0,5.6,8.4,6.16,0.7,,,,,0.0,8.96,0.56,8.4,3.5,,,,,,,,,,,
2025-03-01T00:00:00+1000,Lunch,Protein Crisp Bar Raspberry & White Choc,175.0,22.0,4.9,5.1,64.0,,,,,0.0,9.0,4.1,4.9,5.9,,,,,,,,,,,
2025-03-01T00:00:00+1000,Dinner,Chicken Vodka Penne,609.0,44.5,50.2,21.5,10.4,,,,,1.39,54.1,3.9,50.2,12.7,,,,,,,,,,,
2025-03-01T00:00:00+1000,Breakfast,Matcha Latte,128.0,5.6,8.4,6.16,0.7,,,,,0.0,8.96,0.56,8.4,3.5,,,,,,,,,,,
2025-03-01T00:00:00+1000,Breakfast,Protein smoothie,584.0,46.78,57.19,14.7,4.01,0.0,0.1,0.13,0.01,0.23,66.69,9.5,57.19,32.89,,0.41,0.0,0.91,0.0,0.0,,,,,
2025-02-28T00:00:00+1000,Dinner,Peri Peri Chicken,470.0,50.2,30.0,13.3,3.0,,,,,0.95,34.0,4.0,30.0,8.0,,,,,,,,,,,
2025-02-28T00:00:00+1000,Lunch,Butter chicken,785.0,36.0,82.0,32.0,21.0,,,,,1.81,87.0,5.0,82.0,12.0,,,,,,,,,,,
2025-02-28T00:00:00+1000,Breakfast,Protein smoothie,584.0,46.78,57.19,14.7,4.01,0.0,0.1,0.13,0.01,0.23,66.69,9.5,57.19,32.89,,0.41,0.0,0.91,0.0,0.0,,,,,
2025-02-28T00:00:00+1000,Breakfast,Matcha Latte,128.0,5.6,8.4,6.16,0.7,,,,,0.0,8.96,0.56,8.4,3.5,,,,,,,,,,,
2025-02-27T00:00:00+1000,Lunch,Lunch Salad - Tuna,250.0,19.9,19.4,7.8,2.2,0.06,,,,0.49,23.8,4.4,19.4,9.4,,,,,,,,,,,
2025-02-27T00:00:00+1000,Breakfast,Protein smoothie,559.0,47.27,65.77,10.53,1.59,0.0,0.1,0.13,0.01,0.21,65.77,0.0,65.77,30.67,,0.41,0.0,0.91,0.0,0.0,,,,,
2025-02-27T00:00:00+1000,Breakfast,Matcha Latte,128.0,5.6,8.4,6.16,0.7,,,,,0.0,8.96,0.56,8.4,3.5,,,,,,,,,,,
2025-02-27T00:00:00+1000,Snacks,Recovery Bar - Cookies & Cream,104.0,8.7,0.0,3.5,1.6,,,,,0.04,2.65,3.3,-0.65,1.05,,,,,,,,,,,
2025-02-27T00:00:00+1000,Dinner,Chilli & Lime Chicken,546.0,43.4,49.1,16.91,2.0,,,,,0.0,52.5,3.4,49.1,9.1,,,,,,,,,,,
2025-02-26T00:00:00+1000,Snacks,Cereal,238.0,6.7,34.9,5.13,1.5,0.0,,,0.0,0.1,38.9,4.0,34.9,8.45,,0.0,,,,,,,,,
2025-02-26T00:00:00+1000,Snacks,Recovery Bar - Cookies & Cream,104.0,8.7,0.0,3.5,1.6,,,,,0.04,2.65,3.3,-0.65,1.05,,,,,,,,,,,
2025-02-26T00:00:00+1000,Dinner,Beef Stroganoff,487.0,61.6,27.9,11.9,5.7,,,,,0.46,30.9,3.0,27.9,3.3,,,,,,,,,,,
2025-02-26T00:00:00+1000,Lunch,Lunch Salad - Salmon,237.0,15.0,18.9,8.5,2.5,0.0,,,,0.69,23.3,4.4,18.9,8.9,,,,,,,,,,,
2025-02-26T00:00:00+1000,Breakfast,Matcha Latte,128.0,5.6,8.4,6.16,0.7,,,,,0.0,8.96,0.56,8.4,3.5,,,,,,,,,,,
2025-02-26T00:00:00+1000,Breakfast,Protein smoothie,559.0,47.27,65.77,10.53,1.59,0.0,0.1,0.13,0.01,0.21,65.77,0.0,65.77,30.67,,0.41,0.0,0.91,0.0,0.0,,,,,
2025-02-25T00:00:00+1000,Snacks,Cereal,238.0,6.7,34.9,5.13,1.5,0.0,,,0.0,0.1,38.9,4.0,34.9,8.45,,0.0,,,,,,,,,
2025-02-25T00:00:00+1000,Snacks,Recovery Bar - Cookies & Cream,104.0,8.7,0.0,3.5,1.6,,,,,0.04,2.65,3.3,-0.65,1.05,,,,,,,,,,,
2025-02-25T00:00:00+1000,Dinner,Lemon Pepper Chicken,486.0,53.2,6.7,22.0,9.5,,,,,1.08,13.8,7.1,6.7,7.8,,,,,,,,,,,
2025-02-25T00:00:00+1000,Lunch,Lunch Salad - Tuna,250.0,19.9,19.4,7.8,2.2,0.06,,,,0.49,23.8,4.4,19.4,9.4,,,,,,,,,,,
2025-02-25T00:00:00+1000,Breakfast,Matcha Latte,128.0,5.6,8.4,6.16,0.7,,,,,0.0,8.96,0.56,8.4,3.5,,,,,,,,,,,
2025-02-25T00:00:00+1000,Breakfast,Protein smoothie,559.0,47.27,65.77,10.53,1.59,0.0,0.1,0.13,0.01,0.21,65.77,0.0,65.77,30.67,,0.41,0.0,0.91,0.0,0.0,,,,,
2025-02-24T00:00:00+1000,Lunch,Lunch Salad - Salmon,302.0,26.0,18.4,11.4,2.0,0.0,,,,0.49,22.8,4.4,18.4,8.4,,,,,,,,,,,
2025-02-24T00:00:00+1000,Snacks,Recovery Bar - Cookies & Cream,104.0,8.7,0.0,3.5,1.6,,,,,0.04,2.65,3.3,-0.65,1.05,,,,,,,,,,,
2025-02-24T00:00:00+1000,Dinner,Beef Stroganoff,487.0,61.6,27.9,11.9,5.7,,,,,0.46,30.9,3.0,27.9,3.3,,,,,,,,,,,
2025-02-24T00:00:00+1000,Breakfast,Matcha Latte,128.0,5.6,8.4,6.16,0.7,,,,,0.0,8.96,0.56,8.4,3.5,,,,,,,,,,,
2025-02-24T00:00:00+1000,Breakfast,Protein smoothie,559.0,47.27,65.77,10.53,1.59,0.0,0.1,0.13,0.01,0.21,65.77,0.0,65.77,30.67,,0.41,0.0,0.91,0.0,0.0,,,,,
2025-02-23T00:00:00+1000,Lunch,Whey Protein Isolate Powder,206.0,33.31,16.68,0.67,0.33,0.0,0.01,0.09,0.01,0.21,16.68,0.0,16.68,0.67,,0.4,0.0,0.5,0.0,0.0,,,,,
2025-02-23T00:00:00+1000,Lunch,Frozen Blueberries,29.0,0.33,5.8,0.33,0.33,,,,,,5.8,,,5.57,,,,,,,,,,,
2025-02-23T00:00:00+1000,Lunch,Flaxseed Meal,26.0,2.1,1.09,0.96,0.14,,,,,0.0,1.09,,,0.14,,,,,,,,,,,
2025-02-23T00:00:00+1000,Lunch,Original soy milk,150.0,8.5,12.5,7.25,0.5,,,,,0.0,12.5,,,4.25,,,,,,,,,,,
2025-02-23T00:00:00+1000,Lunch,Classic Eggs and Avo,349.0,17.19,17.89,22.25,5.11,0.0,1.37,7.35,0.0,0.11,23.41,5.53,17.89,1.97,0.0,0.01,0.0,0.42,0.0,0.0,,,,,
2025-02-23T00:00:00+1000,Snacks,Solo zero sugar,10.0,0.0,0.0,0.0,0.0,,,,,,0.0,,,0.0,,,,,,,,,,,
2025-02-23T00:00:00+1000,Snacks,Cereal,151.0,4.87,20.44,3.99,1.22,0.0,,,0.0,0.05,22.56,2.11,20.44,5.15,,0.0,,,,,,,,,
2025-02-23T00:00:00+1000,Snacks,Vanilla protein yoghurt,207.0,19.76,10.64,7.6,4.18,,,,,,13.3,2.66,,6.84,,,,,,,,,,,
2025-02-23T00:00:00+1000,Dinner,Chicken Vodka Penne,609.0,44.5,50.2,21.5,10.4,,,,,1.39,54.1,3.9,50.2,12.7,,,,,,,,,,,
2025-02-23T00:00:00+1000,Breakfast,Matcha Latte,128.0,5.6,8.4,6.16,0.7,,,,,0.0,8.96,0.56,8.4,3.5,,,,,,,,,,,
2025-02-22T00:00:00+1000,Lunch,Regular Beer,258.0,2.76,21.3,0.0,0.0,0.0,0.0,0.0,0.0,0.02,21.3,0.0,21.3,0.0,,0.02,0.0,0.16,0.0,23.4,,,,,
2025-02-22T00:00:00+1000,Lunch,Soft Taco with Chicken,185.0,13.03,18.13,6.22,2.51,0.11,1.58,1.59,0.03,0.6,19.31,1.18,18.13,1.27,,0.12,0.0,0.21,0.0,0.0,,,,,
2025-02-22T00:00:00+1000,Lunch,Soft Taco with Beef,210.0,9.44,17.65,9.95,4.24,0.41,1.61,3.3,0.03,0.57,20.6,2.96,17.65,1.6,,0.13,0.0,0.16,,,,,,,
2025-02-22T00:00:00+1000,Snacks,Recovery Bar - Cookies & Cream,104.0,8.7,0.0,3.5,1.6,,,,,0.04,2.65,3.3,-0.65,1.05,,,,,,,,,,,
2025-02-22T00:00:00+1000,Snacks,Microwave Popcorn,242.0,4.8,20.65,12.15,2.5,,,,,0.0,25.7,5.05,,0.3,,,,,,,,,,,
2025-02-22T00:00:00+1000,Breakfast,Matcha Latte,128.0,5.6,8.4,6.16,0.7,,,,,0.0,8.96,0.56,8.4,3.5,,,,,,,,,,,
2025-02-22T00:00:00+1000,Breakfast,Flaxseed Meal,26.0,2.1,1.09,0.96,0.14,,,,,0.0,1.09,,,0.14,,,,,,,,,,,
2025-02-22T00:00:00+1000,Breakfast,Whey Protein Isolate Powder,206.0,33.31,16.68,0.67,0.33,0.0,0.01,0.09,0.01,0.21,16.68,0.0,16.68,0.67,,0.4,0.0,0.5,0.0,0.0,,,,,
2025-02-22T00:00:00+1000,Breakfast,Frozen Blueberries,29.0,0.33,5.8,0.33,0.33,,,,,,5.8,,,5.57,,,,,,,,,,,
2025-02-22T00:00:00+1000,Breakfast,Soy Milk,129.0,8.32,12.74,5.0,0.73,,2.68,0.97,0.0,0.08,12.74,0.0,12.74,11.05,,0.24,0.0,0.37,0.0,0.0,,,,,
2025-02-22T00:00:00+1000,Dinner,Peri Peri Chicken,470.0,50.2,30.0,13.3,3.0,,,,,0.95,34.0,4.0,30.0,8.0,,,,,,,,,,,
2025-02-21T00:00:00+1000,Snacks,Microwave Popcorn,242.0,4.8,20.65,12.15,2.5,,,,,0.0,25.7,5.05,,0.3,,,,,,,,,,,
2025-02-21T00:00:00+1000,Dinner,Beef Stroganoff,487.0,61.6,27.9,11.9,5.7,,,,,0.46,30.9,3.0,27.9,3.3,,,,,,,,,,,
2025-02-21T00:00:00+1000,Lunch,Chicken Schnitzel,400.0,36.0,36.0,12.0,3.0,,,,0.12,1.44,38.0,2.0,36.0,8.0,0.0,0.08,0.0,0.62,,,,,,,
2025-02-21T00:00:00+1000,Breakfast,Matcha Latte,128.0,5.6,8.4,6.16,0.7,,,,,0.0,8.96,0.56,8.4,3.5,,,,,,,,,,,
2025-02-21T00:00:00+1000,Breakfast,Whey Protein Isolate Powder,206.0,33.31,16.68,0.67,0.33,0.0,0.01,0.09,0.01,0.21,16.68,0.0,16.68,0.67,,0.4,0.0,0.5,0.0,0.0,,,,,
2025-02-21T00:00:00+1000,Breakfast,Frozen Blueberries,29.0,0.33,5.8,0.33,0.33,,,,,,5.8,,,5.57,,,,,,,,,,,
2025-02-21T00:00:00+1000,Breakfast,Soy Milk,129.0,8.32,12.74,5.0,0.73,,2.68,0.97,0.0,0.08,12.74,0.0,12.74,11.05,,0.24,0.0,0.37,0.0,0.0,,,,,
2025-02-21T00:00:00+1000,Breakfast,Flaxseed Meal,52.0,4.2,2.18,1.93,0.28,,,,,0.0,2.18,,,0.28,,,,,,,,,,,
2025-02-20T00:00:00+1000,Dinner,Lemon Pepper Chicken,486.0,53.2,6.7,22.0,9.5,,,,,1.08,13.8,7.1,6.7,7.8,,,,,,,,,,,
2025-02-20T00:00:00+1000,Breakfast,Protein smoothie,538.0,47.09,66.01,8.28,1.83,0.0,2.79,1.1,0.01,0.29,66.01,0.0,66.01,37.48,,0.64,0.0,1.28,0.0,0.0,,,,,
2025-02-20T00:00:00+1000,Breakfast,Matcha Latte,128.0,5.6,8.4,6.16,0.7,,,,,0.0,8.96,0.56,8.4,3.5,,,,,,,,,,,
2025-02-20T00:00:00+1000,Snacks,Recovery Bar - Cookies & Cream,104.0,8.7,0.0,3.5,1.6,,,,,0.04,2.65,3.3,-0.65,1.05,,,,,,,,,,,
2025-02-20T00:00:00+1000,Lunch,Tuna Chunks in Springwater,76.0,17.0,0.3,0.7,0.3,0.0,0.3,0.1,,0.13,0.3,,0.3,0.1,,,,,,,,,,,
2025-02-20T00:00:00+1000,Lunch,Korean Style Salad Kit,168.0,3.15,8.23,11.55,0.88,,,,,0.44,11.55,3.33,8.22,5.95,,,,,,,,,,,
2025-02-19T00:00:00+1000,Dinner,Beef Stroganoff,487.0,61.6,27.9,11.9,5.7,,,,,0.46,30.9,3.0,27.9,3.3,,,,,,,,,,,
2025-02-19T00:00:00+1000,Breakfast,Protein smoothie,538.0,47.09,66.01,8.28,1.83,0.0,2.79,1.1,0.01,0.29,66.01,0.0,66.01,37.48,,0.64,0.0,1.28,0.0,0.0,,,,,
2025-02-19T00:00:00+1000,Breakfast,Matcha Latte,128.0,5.6,8.4,6.16,0.7,,,,,0.0,8.96,0.56,8.4,3.5,,,,,,,,,,,
2025-02-19T00:00:00+1000,Snacks,Recovery Bar - Cookies & Cream,104.0,8.7,0.0,3.5,1.6,,,,,0.04,2.65,3.3,-0.65,1.05,,,,,,,,,,,
2025-02-19T00:00:00+1000,Lunch,Lunch Salad - Salmon,302.0,26.0,18.4,11.4,2.0,0.0,,,,0.49,22.8,4.4,18.4,8.4,,,,,,,,,,,
2025-02-18T00:00:00+1000,Dinner,Peri Peri Chicken,470.0,50.2,30.0,13.3,3.0,,,,,0.95,34.0,4.0,30.0,8.0,,,,,,,,,,,
2025-02-18T00:00:00+1000,Lunch,Lunch Salad - Tuna,250.0,19.9,19.4,7.8,2.2,0.06,,,,0.49,23.8,4.4,19.4,9.4,,,,,,,,,,,
2025-02-18T00:00:00+1000,Breakfast,Protein smoothie,538.0,47.09,66.01,8.28,1.83,0.0,2.79,1.1,0.01,0.29,66.01,0.0,66.01,37.48,,0.64,0.0,1.28,0.0,0.0,,,,,
2025-02-18T00:00:00+1000,Breakfast,Matcha Latte,128.0,5.6,8.4,6.16,0.7,,,,,0.0,8.96,0.56,8.4,3.5,,,,,,,,,,,
2025-02-18T00:00:00+1000,Snacks,Recovery Bar - Cookies & Cream,104.0,8.7,0.0,3.5,1.6,,,,,0.04,2.65,3.3,-0.65,1.05,,,,,,,,,,,
2025-02-17T00:00:00+1000,Snacks,Recovery Bar - Cookies & Cream,104.0,8.7,0.0,3.5,1.6,,,,,0.04,2.65,3.3,-0.65,1.05,,,,,,,,,,,
2025-02-17T00:00:00+1000,Dinner,Beef Stroganoff,487.0,61.6,27.9,11.9,5.7,,,,,0.46,30.9,3.0,27.9,3.3,,,,,,,,,,,
2025-02-17T00:00:00+1000,Lunch,Lunch Salad - Salmon,302.0,26.0,18.4,11.4,2.0,0.0,,,,0.49,22.8,4.4,18.4,8.4,,,,,,,,,,,
2025-02-17T00:00:00+1000,Lunch,Thai Beef salad Dressing imp,23.0,0.0,5.3,0.0,,,,,,,5.3,,5.3,,,,,,,,,,,,
2025-02-17T00:00:00+1000,Breakfast,Matcha Latte,128.0,5.6,8.4,6.16,0.7,,,,,0.0,8.96,0.56,8.4,3.5,,,,,,,,,,,
2025-02-17T00:00:00+1000,Breakfast,Protein smoothie,538.0,47.09,66.01,8.28,1.83,0.0,2.79,1.1,0.01,0.29,66.01,0.0,66.01,37.48,,0.64,0.0,1.28,0.0,0.0,,,,,
2025-02-16T00:00:00+1000,Snacks,Cereal,228.0,7.38,30.98,6.05,1.85,0.0,,,0.0,0.08,34.17,3.2,30.98,7.8,,0.0,,,,,,,,,
2025-02-16T00:00:00+1000,Snacks,Strawberry Protein Yoghurt,198.0,20.9,3.4,7.81,0.8,,,,,0.0,9.9,6.5,3.4,8.4,,0.0,,,,,,,,,
2025-02-16T00:00:00+1000,Snacks,Microwave Popcorn,242.0,4.8,20.65,12.15,2.5,,,,,0.0,25.7,5.05,,0.3,,,,,,,,,,,
2025-02-16T00:00:00+1000,Snacks,White Chardonnay Wine,370.0,0.31,9.53,0.0,,0.0,,,,0.02,9.53,0.0,9.53,4.23,,0.04,0.0,0.31,,47.19,,,,,
2025-02-16T00:00:00+1000,Dinner,Chilli & Lime Chicken,546.0,43.4,49.1,16.91,2.0,,,,,0.0,52.5,3.4,49.1,9.1,,,,,,,,,,,
2025-02-16T00:00:00+1000,Lunch,Protein smoothie,538.0,47.09,66.01,8.28,1.83,0.0,2.79,1.1,0.01,0.29,66.01,0.0,66.01,37.48,,0.64,0.0,1.28,0.0,0.0,,,,,
2025-02-16T00:00:00+1000,Breakfast,Matcha Latte,257.0,12.0,18.0,13.2,1.5,,,,,0.0,19.2,1.2,18.0,7.5,,,,,,,,,,,
2025-02-15T00:00:00+1000,Lunch,Classic Eggs and Avo,349.0,17.19,17.89,22.25,5.11,0.0,1.37,7.35,0.0,0.11,23.41,5.53,17.89,1.97,0.0,0.01,0.0,0.42,0.0,0.0,,,,,
2025-02-15T00:00:00+1000,Dinner,Spicy Korean Gochujang Chicken,800.0,9.0,107.0,36.0,3.5,,,,0.01,1.98,113.0,6.0,107.0,35.0,,,,,,,,,,,
2025-02-15T00:00:00+1000,Snacks,Tim Tams Deluxe Cafe Latte,210.0,2.0,27.39,9.81,5.78,,,,,0.0,27.99,0.6,27.39,20.41,,,,,,,,,,,
2025-02-15T00:00:00+1000,Snacks,Chicken,115.0,2.0,15.3,4.6,,,,,,,16.1,0.8,,1.7,,,,,,,,,,,
2025-02-15T00:00:00+1000,Breakfast,Protein smoothie,538.0,47.09,66.01,8.28,1.83,0.0,2.79,1.1,0.01,0.29,66.01,0.0,66.01,37.48,,0.64,0.0,1.28,0.0,0.0,,,,,
2025-02-15T00:00:00+1000,Breakfast,Matcha Latte,257.0,12.0,18.0,13.2,1.5,,,,,0.0,19.2,1.2,18.0,7.5,,,,,,,,,,,
2025-02-14T00:00:00+1000,Dinner,Creamy Chicken & Mushroom Pasta,542.0,34.6,36.8,26.2,15.8,,,,,0.69,39.9,3.1,36.8,7.7,,,,,,,,,,,
2025-02-14T00:00:00+1000,Lunch,Chicken katsu avocado  roll double,648.0,20.0,72.38,35.63,4.63,,,,,,92.38,20.0,,,,,,,,,,,,,
2025-02-14T00:00:00+1000,Breakfast,Matcha Latte,257.0,12.0,18.0,13.2,1.5,,,,,0.0,19.2,1.2,18.0,7.5,,,,,,,,,,,
2025-02-14T00:00:00+1000,Breakfast,Protein smoothie,538.0,47.09,66.01,8.28,1.83,0.0,2.79,1.1,0.01,0.29,66.01,0.0,66.01,37.48,,0.64,0.0,1.28,0.0,0.0,,,,,
2025-02-14T00:00:00+1000,Snacks,Corn Chips - Sausage Roll Flavour,246.0,3.6,29.6,12.4,5.4,,,,,0.0,29.6,,29.6,1.8,,,,,,,,,,,
2025-02-13T00:00:00+1000,Dinner,Beef Stroganoff,487.0,61.6,27.9,11.9,5.7,,,,,0.46,30.9,3.0,27.9,3.3,,,,,,,,,,,
2025-02-13T00:00:00+1000,Lunch,Lunch Salad - Tuna,250.0,19.9,19.4,7.8,2.2,0.06,,,,0.49,23.8,4.4,19.4,9.4,,,,,,,,,,,
2025-02-13T00:00:00+1000,Breakfast,Protein smoothie,538.0,47.09,66.01,8.28,1.83,0.0,2.79,1.1,0.01,0.29,66.01,0.0,66.01,37.48,,0.64,0.0,1.28,0.0,0.0,,,,,
2025-02-13T00:00:00+1000,Breakfast,Coffee,246.0,12.04,18.5,13.25,1.53,,0.03,0.0,0.0,0.0,19.7,1.2,18.5,7.5,,0.0,0.0,0.03,0.06,0.0,,,,,
2025-02-12T00:00:00+1000,Dinner,Peri Peri Chicken,470.0,50.2,30.0,13.3,3.0,,,,,0.95,34.0,4.0,30.0,8.0,,,,,,,,,,,
2025-02-12T00:00:00+1000,Breakfast,Coffee,246.0,12.04,18.5,13.25,1.53,,0.03,0.0,0.0,0.0,19.7,1.2,18.5,7.5,,0.0,0.0,0.03,0.06,0.0,,,,,
2025-02-12T00:00:00+1000,Breakfast,Protein smoothie,538.0,47.09,66.01,8.28,1.83,0.0,2.79,1.1,0.01,0.29,66.01,0.0,66.01,37.48,,0.64,0.0,1.28,0.0,0.0,,,,,
2025-02-12T00:00:00+1000,Lunch,Thai Beef salad Dressing imp,23.0,0.0,5.3,0.0,,,,,,,5.3,,5.3,,,,,,,,,,,,
2025-02-12T00:00:00+1000,Lunch,Lunch Salad - Salmon,342.0,19.5,19.4,23.0,3.5,0.1,,,,0.77,23.8,4.4,19.4,9.4,,,,,,,,,,,
2025-02-11T00:00:00+1000,Breakfast,Matcha Latte,338.0,16.0,24.0,17.6,2.0,,,,,0.0,25.6,1.6,24.0,10.0,,,,,,,,,,,
2025-02-11T00:00:00+1000,Breakfast,Protein smoothie,538.0,47.09,66.01,8.28,1.83,0.0,2.79,1.1,0.01,0.29,66.01,0.0,66.01,37.48,,0.64,0.0,1.28,0.0,0.0,,,,,
2025-02-11T00:00:00+1000,Lunch,Thai Beef salad Dressing imp,23.0,0.0,5.3,0.0,,,,,,,5.3,,5.3,,,,,,,,,,,,
2025-02-11T00:00:00+1000,Lunch,Lunch Salad - Tuna,250.0,19.9,19.4,7.8,2.2,0.06,,,,0.49,23.8,4.4,19.4,9.4,,,,,,,,,,,
2025-02-11T00:00:00+1000,Dinner,Chilli & Lime Chicken,546.0,43.4,49.1,16.91,2.0,,,,,0.0,52.5,3.4,49.1,9.1,,,,,,,,,,,
2025-02-10T00:00:00+1000,Breakfast,Matcha Latte,338.0,16.0,24.0,17.6,2.0,,,,,0.0,25.6,1.6,24.0,10.0,,,,,,,,,,,
2025-02-10T00:00:00+1000,Breakfast,Protein smoothie,538.0,47.09,66.01,8.28,1.83,0.0,2.79,1.1,0.01,0.29,66.01,0.0,66.01,37.48,,0.64,0.0,1.28,0.0,0.0,,,,,
2025-02-10T00:00:00+1000,Lunch,Lunch Salad - Salmon,342.0,19.5,19.4,23.0,3.5,0.1,,,,0.77,23.8,4.4,19.4,9.4,,,,,,,,,,,
2025-02-10T00:00:00+1000,Lunch,Thai Beef salad Dressing imp,23.0,0.0,5.3,0.0,,,,,,,5.3,,5.3,,,,,,,,,,,,
2025-02-10T00:00:00+1000,Dinner,Beef Stroganoff,487.0,61.6,27.9,11.9,5.7,,,,,0.46,30.9,3.0,27.9,3.3,,,,,,,,,,,
2025-02-09T00:00:00+1000,Dinner,Lemon Pepper Chicken,486.0,53.2,6.7,22.0,9.5,,,,,1.08,13.8,7.1,6.7,7.8,,,,,,,,,,,
2025-02-09T00:00:00+1000,Snacks,Cereal,228.0,7.38,30.98,6.05,1.85,0.0,,,0.0,0.08,34.17,3.2,30.98,7.8,,0.0,,,,,,,,,
2025-02-09T00:00:00+1000,Breakfast,Matcha Latte,338.0,16.0,24.0,17.6,2.0,,,,,0.0,25.6,1.6,24.0,10.0,,,,,,,,,,,
2025-02-09T00:00:00+1000,Breakfast,Protein smoothie,538.0,47.09,66.01,8.28,1.83,0.0,2.79,1.1,0.01,0.29,66.01,0.0,66.01,37.48,,0.64,0.0,1.28,0.0,0.0,,,,,
2025-02-09T00:00:00+1000,Lunch,Soft Wholemeal Wraps,107.0,9.0,0.0,3.3,1.6,,,,,0.22,5.2,10.5,-5.3,1.0,,,,,,,,,,,
2025-02-09T00:00:00+1000,Lunch,Chopped garlic,9.0,0.4,1.51,0.02,0.01,,,,,0.0,1.51,,,0.58,,,,,,,,,,,
2025-02-09T00:00:00+1000,Lunch,Avocado,120.0,1.5,1.37,11.02,1.6,,1.37,7.35,0.0,0.01,6.4,5.03,1.37,0.5,,0.01,0.0,0.36,0.0,0.0,,,,,
2025-02-09T00:00:00+1000,Lunch,Lemon juice,3.0,0.1,0.1,0.1,0.1,,,,,,0.1,,,0.1,,,,,,,,,,,
2025-02-09T00:00:00+1000,Lunch,12 free range eggs,148.0,12.69,1.4,10.61,3.4,,,,,0.0,1.4,,1.4,0.3,,,,,,,,,,,
2025-02-08T00:00:00+1000,Snacks,Thai Sweet Chili Chips,138.0,2.1,16.5,6.9,0.7,,,,,0.16,16.5,,16.5,1.4,,,,,,,,,,,
2025-02-08T00:00:00+1000,Snacks,White Wine,160.0,0.14,5.08,0.0,0.0,0.0,0.0,0.0,0.0,0.01,5.08,0.0,5.08,1.88,,0.02,0.0,0.14,0.0,20.14,,,,,
2025-02-08T00:00:00+1000,Lunch,Soft Wholemeal Wraps,107.0,9.0,0.0,3.3,1.6,,,,,0.22,5.2,10.5,-5.3,1.0,,,,,,,,,,,
2025-02-08T00:00:00+1000,Lunch,Avocado,120.0,1.5,1.37,11.02,1.6,,1.37,7.35,0.0,0.01,6.4,5.03,1.37,0.5,,0.01,0.0,0.36,0.0,0.0,,,,,
2025-02-08T00:00:00+1000,Lunch,Chopped garlic,9.0,0.4,1.51,0.02,0.01,,,,,0.0,1.51,,,0.58,,,,,,,,,,,
2025-02-08T00:00:00+1000,Lunch,12 free range eggs,148.0,12.69,1.4,10.61,3.4,,,,,0.0,1.4,,1.4,0.3,,,,,,,,,,,
2025-02-08T00:00:00+1000,Lunch,Lemon juice,3.0,0.1,0.1,0.1,0.1,,,,,,0.1,,,0.1,,,,,,,,,,,
2025-02-08T00:00:00+1000,Breakfast,Matcha Latte,338.0,16.0,24.0,17.6,2.0,,,,,0.0,25.6,1.6,24.0,10.0,,,,,,,,,,,
2025-02-08T00:00:00+1000,Breakfast,Frozen Blueberries,29.0,0.33,5.8,0.33,0.33,,,,,,5.8,,,5.57,,,,,,,,,,,
2025-02-08T00:00:00+1000,Breakfast,Flaxseed Meal,26.0,2.1,1.09,0.96,0.14,,,,,0.0,1.09,,,0.14,,,,,,,,,,,
2025-02-08T00:00:00+1000,Breakfast,Whey Protein Isolate Powder,206.0,33.31,16.68,0.67,0.33,0.0,0.01,0.09,0.01,0.21,16.68,0.0,16.68,0.67,,0.4,0.0,0.5,0.0,0.0,,,,,
2025-02-08T00:00:00+1000,Breakfast,Soy Milk,129.0,8.32,12.74,5.0,0.73,,2.68,0.97,0.0,0.08,12.74,0.0,12.74,11.05,,0.24,0.0,0.37,0.0,0.0,,,,,
2025-02-08T00:00:00+1000,Dinner,Chicken Vodka Penne,609.0,44.5,50.2,21.5,10.4,,,,,1.39,54.1,3.9,50.2,12.7,,,,,,,,,,,
2025-02-07T00:00:00+1000,Dinner,Chicken Sundried Tomato Pasta Bake with Fetta,607.0,39.96,47.52,26.71,13.69,,,,,0.0,50.32,2.8,47.52,8.7,,,,,,,,,,,
2025-02-07T00:00:00+1000,Lunch,Grilled Chicken Thigh with Skin,319.0,29.66,0.0,21.39,5.6,,4.87,9.03,0.17,0.53,0.0,0.0,0.0,0.0,,0.01,0.0,0.32,0.0,0.0,,,,,
2025-02-07T00:00:00+1000,Lunch,Pad Thai Sauce,60.0,0.67,8.67,2.67,,0.0,,,,0.25,8.67,0.0,8.67,8.0,7.33,0.0,,0.03,,,,,,,
2025-02-07T00:00:00+1000,Breakfast,Matcha,14.0,0.0,0.0,0.0,,,,,,0.0,0.0,,0.0,0.0,,,,,,,,,,,
2025-02-07T00:00:00+1000,Breakfast,Protein smoothie,538.0,47.09,66.01,8.28,1.83,0.0,2.79,1.1,0.01,0.29,66.01,0.0,66.01,37.48,,0.64,0.0,1.28,0.0,0.0,,,,,
2025-02-06T00:00:00+1000,Dinner,Peri Peri Chicken,470.0,50.2,30.0,13.3,3.0,,,,,0.95,34.0,4.0,30.0,8.0,,,,,,,,,,,
2025-02-06T00:00:00+1000,Lunch,Lunch Salad - Tuna,351.0,32.2,18.4,13.6,2.0,0.0,,,,0.49,22.8,4.4,18.4,8.4,,,,,,,,,,,
2025-02-06T00:00:00+1000,Breakfast,Matcha,14.0,0.0,0.0,0.0,,,,,,0.0,0.0,,0.0,0.0,,,,,,,,,,,
2025-02-06T00:00:00+1000,Breakfast,Protein smoothie,538.0,47.09,66.01,8.28,1.83,0.0,2.79,1.1,0.01,0.29,66.01,0.0,66.01,37.48,,0.64,0.0,1.28,0.0,0.0,,,,,
2025-02-05T00:00:00+1000,Dinner,Chilli & Lime Chicken,546.0,43.4,49.1,16.91,2.0,,,,,0.0,52.5,3.4,49.1,9.1,,,,,,,,,,,
2025-02-05T00:00:00+1000,Lunch,Lunch Salad - Tuna,351.0,32.2,18.4,13.6,2.0,0.0,,,,0.49,22.8,4.4,18.4,8.4,,,,,,,,,,,
2025-02-05T00:00:00+1000,Breakfast,Matcha,14.0,0.0,0.0,0.0,,,,,,0.0,0.0,,0.0,0.0,,,,,,,,,,,
2025-02-05T00:00:00+1000,Breakfast,Protein smoothie,641.0,46.56,66.82,18.22,3.64,0.0,4.75,5.14,0.01,0.31,67.59,0.77,66.82,39.27,,0.55,0.0,1.25,0.0,0.0,,,,,
2025-02-04T00:00:00+1000,Dinner,Lemon Pepper Chicken,486.0,53.2,6.7,22.0,9.5,,,,,1.08,13.8,7.1,6.7,7.8,,,,,,,,,,,
2025-02-04T00:00:00+1000,Lunch,Lunch Salad - Salmon,342.0,19.5,19.4,23.0,3.5,0.1,,,,0.77,23.8,4.4,19.4,9.4,,,,,,,,,,,
2025-02-04T00:00:00+1000,Breakfast,Matcha,14.0,0.0,0.0,0.0,,,,,,0.0,0.0,,0.0,0.0,,,,,,,,,,,
2025-02-04T00:00:00+1000,Breakfast,Protein smoothie,641.0,46.56,66.82,18.22,3.64,0.0,4.75,5.14,0.01,0.31,67.59,0.77,66.82,39.27,,0.55,0.0,1.25,0.0,0.0,,,,,
2025-02-03T00:00:00+1000,Breakfast,Matcha,14.0,0.0,0.0,0.0,,,,,,0.0,0.0,,0.0,0.0,,,,,,,,,,,
2025-02-03T00:00:00+1000,Breakfast,Protein smoothie,641.0,46.56,66.82,18.22,3.64,0.0,4.75,5.14,0.01,0.31,67.59,0.77,66.82,39.27,,0.55,0.0,1.25,0.0,0.0,,,,,
2025-02-03T00:00:00+1000,Dinner,Beef Stroganoff,487.0,61.6,27.9,11.9,5.7,,,,,0.46,30.9,3.0,27.9,3.3,,,,,,,,,,,
2025-02-02T00:00:00+1000,Dinner,Chicken Sundried Tomato Pasta Bake with Fetta,607.0,39.96,47.52,26.71,13.69,,,,,0.0,50.32,2.8,47.52,8.7,,,,,,,,,,,
2025-02-02T00:00:00+1000,Lunch,Classic Eggs and Avo,455.0,20.49,36.19,23.55,5.51,,1.37,7.35,0.0,0.01,41.21,5.03,36.19,2.27,,0.01,0.0,0.36,0.0,0.0,,,,,
2025-02-02T00:00:00+1000,Lunch,Middle bacon,129.0,10.72,1.61,8.84,5.9,,,,,0.0,1.61,,1.61,0.67,,,,,,,,,,,
2025-02-02T00:00:00+1000,Breakfast,Protein smoothie,641.0,46.56,66.82,18.22,3.64,0.0,4.75,5.14,0.01,0.31,67.59,0.77,66.82,39.27,,0.55,0.0,1.25,0.0,0.0,,,,,
2025-02-02T00:00:00+1000,Breakfast,Matcha,14.0,0.0,0.0,0.0,,,,,,0.0,0.0,,0.0,0.0,,,,,,,,,,,
2025-02-01T00:00:00+1000,Snacks,Microwave Popcorn,242.0,4.8,20.65,12.15,2.5,,,,,0.0,25.7,5.05,,0.3,,,,,,,,,,,
2025-02-01T00:00:00+1000,Dinner,Chicken Vodka Penne,609.0,44.5,50.2,21.5,10.4,,,,,1.39,54.1,3.9,50.2,12.7,,,,,,,,,,,
2025-02-01T00:00:00+1000,Lunch,Classic Eggs and Avo,570.0,20.49,36.19,36.55,8.91,,1.37,7.35,0.0,0.07,41.21,5.03,36.19,2.27,,0.01,0.0,0.36,0.0,0.0,,,,,
2025-02-01T00:00:00+1000,Breakfast,Matcha,14.0,0.0,0.0,0.0,,,,,,0.0,0.0,,0.0,0.0,,,,,,,,,,,
2025-02-01T00:00:00+1000,Breakfast,Protein smoothie,808.0,54.32,75.99,28.9,5.62,0.0,8.06,9.69,0.01,0.42,77.52,1.54,75.99,46.48,,0.68,0.0,1.52,0.0,0.0,,,,,
2025-01-31T00:00:00+1000,Snacks,Microwave Popcorn,242.0,4.8,20.65,12.15,2.5,,,,,0.0,25.7,5.05,,0.3,,,,,,,,,,,
2025-01-31T00:00:00+1000,Dinner,Chicken Sundried Tomato Pasta Bake with Fetta,607.0,39.96,47.52,26.71,13.69,,,,,0.0,50.32,2.8,47.52,8.7,,,,,,,,,,,
2025-01-31T00:00:00+1000,Lunch,Lunch Salad - Salmon,342.0,19.5,19.4,23.0,3.5,0.1,,,,0.77,23.8,4.4,19.4,9.4,,,,,,,,,,,
2025-01-31T00:00:00+1000,Breakfast,Matcha,14.0,0.0,0.0,0.0,,,,,,0.0,0.0,,0.0,0.0,,,,,,,,,,,
2025-01-31T00:00:00+1000,Breakfast,Protein smoothie,808.0,54.32,75.99,28.9,5.62,0.0,8.06,9.69,0.01,0.42,77.52,1.54,75.99,46.48,,0.68,0.0,1.52,0.0,0.0,,,,,
2025-01-30T00:00:00+1000,Lunch,Lunch Salad - Salmon,342.0,19.5,19.4,23.0,3.5,0.1,,,,0.77,23.8,4.4,19.4,9.4,,,,,,,,,,,
2025-01-30T00:00:00+1000,Dinner,Chilli & Lime Chicken,546.0,43.4,49.1,16.91,2.0,,,,,0.0,52.5,3.4,49.1,9.1,,,,,,,,,,,
2025-01-30T00:00:00+1000,Breakfast,Protein smoothie,808.0,54.32,75.99,28.9,5.62,0.0,8.06,9.69,0.01,0.42,77.52,1.54,75.99,46.48,,0.68,0.0,1.52,0.0,0.0,,,,,
2025-01-30T00:00:00+1000,Breakfast,Matcha,14.0,0.0,0.0,0.0,,,,,,0.0,0.0,,0.0,0.0,,,,,,,,,,,
2025-01-29T00:00:00+1000,Lunch,Tuna Sushi,70.0,6.76,8.96,0.2,0.06,,0.06,0.06,0.01,0.21,9.38,0.42,8.96,0.56,,0.0,0.0,0.11,0.0,0.0,,,,,
2025-01-29T00:00:00+1000,Lunch,Sushi Roll with Avocado,558.0,10.86,97.8,8.82,1.34,,1.3,5.56,0.0,2.17,106.2,8.4,97.8,7.26,,0.04,0.0,0.41,0.0,0.0,,,,,
2025-01-29T00:00:00+1000,Dinner,Chicken Fettuccine Carbonara,478.0,32.9,42.8,17.5,9.3,,,,,0.59,45.5,2.7,42.8,7.2,,,,,,,,,,,
2025-01-29T00:00:00+1000,Breakfast,Protein smoothie,808.0,54.32,75.99,28.9,5.62,0.0,8.06,9.69,0.01,0.42,77.52,1.54,75.99,46.48,,0.68,0.0,1.52,0.0,0.0,,,,,
2025-01-29T00:00:00+1000,Breakfast,Matcha,14.0,0.0,0.0,0.0,,,,,,0.0,0.0,,0.0,0.0,,,,,,,,,,,
2025-01-28T00:00:00+1000,Lunch,Lunch Salad - Tuna,351.0,32.2,18.4,13.6,2.0,0.0,,,,0.49,22.8,4.4,18.4,8.4,,,,,,,,,,,
2025-01-28T00:00:00+1000,Breakfast,Matcha,14.0,0.0,0.0,0.0,,,,,,0.0,0.0,,0.0,0.0,,,,,,,,,,,
2025-01-28T00:00:00+1000,Breakfast,Protein smoothie,757.0,45.99,71.82,28.73,5.54,0.0,8.06,9.67,0.0,0.36,73.35,1.54,71.82,46.31,,0.58,0.0,1.4,0.0,0.0,,,,,
2025-01-28T00:00:00+1000,Dinner,Beef Stroganoff,487.0,61.6,27.9,11.9,5.7,,,,,0.46,30.9,3.0,27.9,3.3,,,,,,,,,,,
2025-01-27T00:00:00+1000,Snacks,Cereal,457.0,14.75,61.95,12.1,3.7,0.0,,,0.0,0.16,68.35,6.4,61.95,15.6,,0.0,,,,,,,,,
2025-01-27T00:00:00+1000,Lunch,Whole meal bread,319.0,13.86,42.37,4.36,1.98,,,,,,51.08,8.71,,3.37,,,,,,,,,,,
2025-01-27T00:00:00+1000,Lunch,Sausage,260.0,14.8,1.14,21.76,7.06,,4.1,9.2,0.07,0.65,1.14,0.0,1.14,0.87,,0.01,0.0,0.27,0.0,0.0,,,,,
2025-01-27T00:00:00+1000,Dinner,Chicken Vodka Penne,609.0,44.5,50.2,21.5,10.4,,,,,1.39,54.1,3.9,50.2,12.7,,,,,,,,,,,
2025-01-26T00:00:00+1000,Dinner,Peri Peri Chicken,470.0,50.2,30.0,13.3,3.0,,,,,0.95,34.0,4.0,30.0,8.0,,,,,,,,,,,
2025-01-26T00:00:00+1000,Lunch,Sausage,65.0,3.7,0.28,5.44,1.77,,1.02,2.3,0.02,0.16,0.28,0.0,0.28,0.22,,0.0,0.0,0.07,0.0,0.0,,,,,
2025-01-26T00:00:00+1000,Lunch,Whole meal bread,106.0,4.62,14.12,1.45,0.66,,,,,,17.03,2.9,,1.12,,,,,,,,,,,
2025-01-26T00:00:00+1000,Lunch,Avocado,120.0,1.5,1.37,11.02,1.6,,1.37,7.35,0.0,0.01,6.4,5.03,1.37,0.5,,0.01,0.0,0.36,0.0,0.0,,,,,
2025-01-26T00:00:00+1000,Lunch,Kewpie Mayonnaise,100.0,0.0,0.0,11.0,2.0,0.0,,,0.03,0.1,0.0,0.0,0.0,0.0,,0.0,,0.0,,,,,,,
2025-01-26T00:00:00+1000,Lunch,Haloumi,174.0,10.5,0.95,14.35,9.25,,,,,0.0,0.95,,,0.95,,,,,,,,,,,
2025-01-25T00:00:00+1000,Lunch,Kewpie Mayonnaise,100.0,0.0,0.0,11.0,2.0,0.0,,,0.03,0.1,0.0,0.0,0.0,0.0,,0.0,,0.0,,,,,,,
2025-01-25T00:00:00+1000,Lunch,Haloumi,174.0,10.5,0.95,14.35,9.25,,,,,0.0,0.95,,,0.95,,,,,,,,,,,
2025-01-25T00:00:00+1000,Lunch,Whole meal bread,106.0,4.62,14.12,1.45,0.66,,,,,,17.03,2.9,,1.12,,,,,,,,,,,
2025-01-25T00:00:00+1000,Lunch,Avocado,120.0,1.5,1.37,11.02,1.6,,1.37,7.35,0.0,0.01,6.4,5.03,1.37,0.5,,0.01,0.0,0.36,0.0,0.0,,,,,
2025-01-25T00:00:00+1000,Snacks,White Wine,241.0,0.21,7.64,0.0,0.0,0.0,0.0,0.0,0.0,0.01,7.64,0.0,7.64,2.82,,0.03,0.0,0.21,0.0,30.28,,,,,
2025-01-25T00:00:00+1000,Snacks,Tiramisu,515.0,8.69,41.91,35.24,20.59,,1.91,9.57,0.18,0.23,42.78,0.87,41.9,27.12,,0.1,0.0,0.22,0.05,0.0,,,,,
2025-01-25T00:00:00+1000,Breakfast,Protein smoothie,757.0,45.99,71.82,28.73,5.54,0.0,8.06,9.67,0.0,0.36,73.35,1.54,71.82,46.31,,0.58,0.0,1.4,0.0,0.0,,,,,
2025-01-25T00:00:00+1000,Breakfast,Matcha,14.0,0.0,0.0,0.0,,,,,,0.0,0.0,,0.0,0.0,,,,,,,,,,,
2025-01-25T00:00:00+1000,Dinner,"Restaurant, Chinese, sweet and sour pork",1589.0,54.26,149.7,83.1,16.37,0.53,43.08,21.32,0.15,1.86,155.81,6.11,149.7,,,0.28,0.02,0.93,,,,,,,
2025-01-24T00:00:00+1000,Dinner,Chicken Sundried Tomato Pasta Bake with Fetta,607.0,39.96,47.52,26.71,13.69,,,,,0.0,50.32,2.8,47.52,8.7,,,,,,,,,,,
2025-01-24T00:00:00+1000,Breakfast,Matcha,14.0,0.0,0.0,0.0,,,,,,0.0,0.0,,0.0,0.0,,,,,,,,,,,
2025-01-24T00:00:00+1000,Breakfast,Protein smoothie,549.0,20.95,59.11,24.54,4.81,,8.05,9.63,0.0,0.26,60.64,1.54,59.11,45.41,,0.38,0.0,1.15,0.0,0.0,,,,,
2025-01-24T00:00:00+1000,Lunch,Chicken Avo Don,889.0,48.03,60.49,48.15,16.04,0.0,4.89,17.5,0.22,2.62,64.43,3.94,60.49,4.55,,0.12,0.0,0.83,0.0,0.0,,,,,
2025-01-23T00:00:00+1000,Lunch,Lunch Salad - Salmon,206.0,1.2,6.94,12.67,2.07,0.1,,,,0.0,8.25,1.31,6.94,3.74,,,,,,,,,,,
2025-01-23T00:00:00+1000,Breakfast,Matcha,14.0,0.0,0.0,0.0,,,,,,0.0,0.0,,0.0,0.0,,,,,,,,,,,
2025-01-23T00:00:00+1000,Breakfast,Protein smoothie,549.0,20.95,59.11,24.54,4.81,,8.05,9.63,0.0,0.26,60.64,1.54,59.11,45.41,,0.38,0.0,1.15,0.0,0.0,,,,,
2025-01-23T00:00:00+1000,Snacks,Cereal,457.0,14.75,61.95,12.1,3.7,0.0,,,0.0,0.16,68.35,6.4,61.95,15.6,,0.0,,,,,,,,,
2025-01-23T00:00:00+1000,Dinner,Chicken Fettuccine Carbonara,478.0,32.9,42.8,17.5,9.3,,,,,0.59,45.5,2.7,42.8,7.2,,,,,,,,,,,
